raiser_position,defender_position,defender_archetype,hand,avg_ev_bb
CO,BB,Nit,AA,1.5719731178033312
CO,BB,Nit,KK,1.5337640766056604
CO,BB,Nit,QQ,1.5096669280379535
CO,BB,Nit,JJ,1.5428908716256797
CO,BB,Nit,TT,1.5314146046203092
CO,BB,Nit,99,1.5337640766056604
CO,BB,Nit,88,1.5432824502899052
CO,BB,Nit,AKs,1.5458126508895143
CO,BB,Nit,77,1.5166249796868791
CO,BB,Nit,AKo,1.5337640766056604
CO,BB,Nit,AJo,1.5337640766056604
CO,BB,Nit,AQo,1.5337640766056604
CO,BB,Nit,AQs,1.5337640766056604
CO,BB,Nit,A9o,1.560707700847928
CO,BB,Nit,A7o,1.5337640766056604
CO,BB,Nit,KJs,1.5458126508895143
CO,BB,Nit,QJs,1.521715502321807
CO,BB,Nit,A7s,1.5337640766056604
CO,BB,Nit,A9s,1.5472584798035767
CO,BB,Nit,KTo,1.5337640766056604
CO,BB,Nit,A8o,1.5337640766056604
CO,BB,Nit,AJs,1.5458126508895143
CO,BB,Nit,ATs,1.5458126508895143
CO,BB,Nit,K9s,1.5491260088175738
CO,BB,Nit,55,1.5096669280379535
CO,BB,Nit,66,1.520811859250518
CO,BB,Nit,KQs,1.5337640766056604
CO,BB,Nit,A8s,1.5458126508895138
CO,BB,Nit,ATo,1.5337640766056604
CO,BB,Nit,A5s,1.5499091661460243
CO,BB,Nit,QTs,1.521715502321807
CO,BB,Nit,K8s,1.5507525663458939
CO,BB,Nit,KTs,1.5458126508895143
CO,BB,Nit,A4s,1.5337640766056604
CO,BB,Nit,KJo,1.5337640766056604
CO,BB,Nit,K5s,1.5337640766056604
CO,BB,Nit,A6s,1.5337640766056604
CO,BB,Nit,K9o,1.5483880336426878
CO,BB,Nit,A3s,1.5499694090174436
CO,BB,Nit,44,1.5410835854831015
CO,BB,Nit,KQo,1.5337640766056604
CO,BB,Nit,K7s,1.5337640766056604
CO,BB,Nit,Q8s,1.5269566321352837
CO,BB,Nit,A5o,1.549668194660347
CO,BB,Nit,Q5s,1.5096669280379535
CO,BB,Nit,A4o,1.5458126508895138
CO,BB,Nit,Q9o,1.53954739226191
CO,BB,Nit,QTo,1.5096669280379535
CO,BB,Nit,Q9s,1.5268963892638638
CO,BB,Nit,A6o,1.5337640766056604
CO,BB,Nit,A2s,1.5337640766056604
CO,BB,Nit,JTs,1.5458126508895143
CO,BB,Nit,K4o,1.5458126508895138
CO,BB,Nit,K6s,1.5337640766056604
CO,BB,Nit,K8o,1.5458126508895143
CO,BB,Nit,K7o,1.5337640766056604
CO,BB,Nit,J9o,1.5458126508895143
CO,BB,Nit,J8s,1.5389750849834272
CO,BB,Nit,JTo,1.5458126508895143
CO,BB,Nit,K4s,1.5337640766056604
CO,BB,Nit,K2s,1.5337640766056604
CO,BB,Nit,K6o,1.5337640766056604
CO,BB,Nit,J9s,1.5425896572685833
CO,BB,Nit,K3s,1.550571837731636
CO,BB,Nit,A3o,1.549999530453153
CO,BB,Nit,Q6s,1.5096669280379535
CO,BB,Nit,QJo,1.5096669280379535
CO,BB,Nit,33,1.5482524871819943
CO,BB,Nit,Q3s,1.527800032335153
CO,BB,Nit,J7s,1.521715502321807
CO,BB,Nit,Q6o,1.5096669280379535
CO,BB,Nit,Q7s,1.5096669280379535
CO,BB,Nit,J5s,1.521715502321807
CO,BB,Nit,J6s,1.521715502321807
CO,BB,Nit,T9o,1.5458126508895143
CO,BB,Nit,Q7o,1.5096669280379535
CO,BB,Nit,A2o,1.5458126508895143
CO,BB,Nit,K5o,1.5337640766056604
CO,BB,Nit,K3o,1.5500597733245725
CO,BB,Nit,Q8o,1.521715502321807
CO,BB,Nit,T7s,1.521715502321807
CO,BB,Nit,J8o,1.5337640766056608
CO,BB,Nit,97s,1.525269831735544
CO,BB,Nit,T8s,1.544517429154
CO,BB,Nit,Q4s,1.5096669280379535
CO,BB,Nit,J4s,1.521715502321807
CO,BB,Nit,J3s,1.539728120876168
CO,BB,Nit,96s,1.524245702921416
CO,BB,Nit,J7o,1.521715502321807
CO,BB,Nit,Q5o,1.5096669280379535
CO,BB,Nit,J4o,1.5458126508895138
CO,BB,Nit,98s,1.5427703858828412
CO,BB,Nit,T9s,1.534968934034046
CO,BB,Nit,K2o,1.5458126508895143
CO,BB,Nit,Q4o,1.5337640766056604
CO,BB,Nit,22,1.5502706233745398
CO,BB,Nit,98o,1.5369117666373173
CO,BB,Nit,Q2s,1.5096669280379535
CO,BB,Nit,T8o,1.5337640766056608
CO,BB,Nit,Q3o,1.5275289394137663
CO,BB,Nit,J6o,1.521715502321807
CO,BB,Nit,J5o,1.521715502321807
CO,BB,Nit,J2s,1.521715502321807
CO,BB,Nit,T4s,1.521715502321807
CO,BB,Nit,T3s,1.5394269065190718
CO,BB,Nit,97o,1.5247878887641895
CO,BB,Nit,87s,1.527559060849476
CO,BB,Nit,96o,1.5250137995320119
CO,BB,Nit,T4o,1.5458126508895138
CO,BB,Nit,T5s,1.521715502321807
CO,BB,Nit,T6s,1.521715502321807
CO,BB,Nit,85s,1.5262337176782523
CO,BB,Nit,J3o,1.5397883637475873
CO,BB,Nit,76s,1.5096669280379535
CO,BB,Nit,95s,1.5249686173784476
CO,BB,Nit,T7o,1.521715502321807
CO,BB,Nit,T2s,1.521715502321807
CO,BB,Nit,T5o,1.521715502321807
CO,BB,Nit,93s,1.5446077934611286
CO,BB,Nit,95o,1.5243059457928354
CO,BB,Nit,75s,1.5096669280379535
CO,BB,Nit,Q2o,1.521715502321807
CO,BB,Nit,87o,1.527559060849476
CO,BB,Nit,86s,1.5269867535709931
CO,BB,Nit,94s,1.5245318565606578
CO,BB,Nit,85o,1.5267457820853159
CO,BB,Nit,92s,1.5269867535709931
CO,BB,Nit,T3o,1.5402703067189414
CO,BB,Nit,86o,1.5272879679280893
CO,BB,Nit,T6o,1.521715502321807
CO,BB,Nit,93o,1.5458277116073689
CO,BB,Nit,J2o,1.5337640766056608
CO,BB,Nit,65s,1.5279807609494107
CO,BB,Nit,76o,1.5096669280379535
CO,BB,Nit,74s,1.5096669280379535
CO,BB,Nit,73s,1.5268963892638638
CO,BB,Nit,83s,1.5273482107995087
CO,BB,Nit,84o,1.5419571071186808
CO,BB,Nit,T2o,1.5337640766056608
CO,BB,Nit,84s,1.5302097471919236
CO,BB,Nit,54s,1.5096669280379535
CO,BB,Nit,53s,1.5515357236743446
CO,BB,Nit,75o,1.5096669280379535
CO,BB,Nit,64s,1.5096669280379535
CO,BB,Nit,92o,1.523040845493031
CO,BB,Nit,82s,1.5266855392138965
CO,BB,Nit,74o,1.5337640766056604
CO,BB,Nit,64o,1.5337640766056604
CO,BB,Nit,43s,1.5271674821852506
CO,BB,Nit,82o,1.539095570726266
CO,BB,Nit,94o,1.548267547899849
CO,BB,Nit,65o,1.5278301537708627
CO,BB,Nit,73o,1.5277699108994434
CO,BB,Nit,72s,1.5096669280379535
CO,BB,Nit,63s,1.528221732435088
CO,BB,Nit,53o,1.552138152388537
CO,BB,Nit,32s,1.5283422181779265
CO,BB,Nit,83o,1.5273180893637992
CO,BB,Nit,62s,1.5096669280379535
CO,BB,Nit,42s,1.5096669280379535
CO,BB,Nit,52s,1.5096669280379535
CO,BB,Nit,62o,1.521715502321807
CO,BB,Nit,72o,1.521715502321807
CO,BB,Nit,54o,1.5337640766056604
CO,BB,Nit,63o,1.5279807609494107
CO,BB,Nit,32o,1.5403305495903608
CO,BB,Nit,52o,1.521715502321807
CO,BB,Nit,42o,1.521715502321807
CO,BB,Nit,43o,1.5282819753065073
CO,BB,TAG,AA,1.6921828894533506
CO,BB,TAG,KK,1.6249799305712243
CO,BB,TAG,QQ,1.5818840267905723
CO,BB,TAG,JJ,1.626766760032263
CO,BB,TAG,TT,1.6144709505207067
CO,BB,TAG,99,1.6105338686574007
CO,BB,TAG,88,1.6383962941515675
CO,BB,TAG,AKs,1.6291290091502468
CO,BB,TAG,77,1.5848519808106032
CO,BB,TAG,AKo,1.6049008130683626
CO,BB,TAG,AJo,1.6049008130683626
CO,BB,TAG,AQo,1.6049008130683626
CO,BB,TAG,AQs,1.6049008130683626
CO,BB,TAG,A9o,1.6624427787628377
CO,BB,TAG,A7o,1.6049008130683626
CO,BB,TAG,KJs,1.6291290091502468
CO,BB,TAG,QJs,1.5806726169864784
CO,BB,TAG,A7s,1.6049008130683626
CO,BB,TAG,A9s,1.6369426023866547
CO,BB,TAG,KTo,1.6049008130683626
CO,BB,TAG,A8o,1.6049008130683626
CO,BB,TAG,AJs,1.6291290091502468
CO,BB,TAG,ATs,1.6291290091502468
CO,BB,TAG,K9s,1.6332175172390648
CO,BB,TAG,55,1.556444420904594
CO,BB,TAG,66,1.5862451020853117
CO,BB,TAG,KQs,1.6049008130683626
CO,BB,TAG,A8s,1.6291290091502468
CO,BB,TAG,ATo,1.6049008130683626
CO,BB,TAG,A5s,1.6457858939565424
CO,BB,TAG,QTs,1.5806726169864784
CO,BB,TAG,K8s,1.6291290091502468
CO,BB,TAG,KTs,1.6291290091502468
CO,BB,TAG,A4s,1.6049008130683626
CO,BB,TAG,KJo,1.6049008130683626
CO,BB,TAG,K5s,1.6049008130683626
CO,BB,TAG,A6s,1.6049008130683626
CO,BB,TAG,K9o,1.6400014121419924
CO,BB,TAG,A3s,1.6450590480740859
CO,BB,TAG,44,1.6139863865990691
CO,BB,TAG,KQo,1.6049008130683626
CO,BB,TAG,K7s,1.6049008130683626
CO,BB,TAG,Q8s,1.5806726169864784
CO,BB,TAG,A5o,1.6445139136622435
CO,BB,TAG,Q5s,1.556444420904594
CO,BB,TAG,A4o,1.6291290091502468
CO,BB,TAG,Q9o,1.626766760032263
CO,BB,TAG,QTo,1.556444420904594
CO,BB,TAG,Q9s,1.5900610429682083
CO,BB,TAG,A6o,1.6049008130683626
CO,BB,TAG,A2s,1.6049008130683626
CO,BB,TAG,JTs,1.6291290091502468
CO,BB,TAG,K4o,1.6291290091502468
CO,BB,TAG,K6s,1.6049008130683626
CO,BB,TAG,K8o,1.6291290091502468
CO,BB,TAG,K7o,1.6049008130683626
CO,BB,TAG,J9o,1.6291290091502468
CO,BB,TAG,J8s,1.6049008130683626
CO,BB,TAG,JTo,1.6291290091502468
CO,BB,TAG,K4s,1.6049008130683626
CO,BB,TAG,K2s,1.6049008130683626
CO,BB,TAG,K6o,1.6049008130683626
CO,BB,TAG,J9s,1.6247679338555077
CO,BB,TAG,K3s,1.6440899202308106
CO,BB,TAG,A3o,1.645664752976133
CO,BB,TAG,Q6s,1.556444420904594
CO,BB,TAG,QJo,1.556444420904594
CO,BB,TAG,33,1.6432419333679444
CO,BB,TAG,Q3s,1.5969660788515452
CO,BB,TAG,J7s,1.5806726169864784
CO,BB,TAG,Q6o,1.556444420904594
CO,BB,TAG,Q7s,1.556444420904594
CO,BB,TAG,J5s,1.5806726169864784
CO,BB,TAG,J6s,1.5806726169864784
CO,BB,TAG,T9o,1.6291290091502468
CO,BB,TAG,Q7o,1.556444420904594
CO,BB,TAG,A2o,1.6291290091502468
CO,BB,TAG,K5o,1.6049008130683626
CO,BB,TAG,K3o,1.6448167661132669
CO,BB,TAG,Q8o,1.5806726169864784
CO,BB,TAG,T7s,1.5806726169864784
CO,BB,TAG,J8o,1.6049008130683626
CO,BB,TAG,97s,1.5804606202707616
CO,BB,TAG,T8s,1.6195588716979026
CO,BB,TAG,Q4s,1.556444420904594
CO,BB,TAG,J4s,1.5806726169864784
CO,BB,TAG,J3s,1.6225268257179335
CO,BB,TAG,96s,1.5821263087513913
CO,BB,TAG,J7o,1.5806726169864784
CO,BB,TAG,Q5o,1.556444420904594
CO,BB,TAG,J4o,1.6291290091502468
CO,BB,TAG,98s,1.6071419212059368
CO,BB,TAG,T9s,1.5975717837535923
CO,BB,TAG,K2o,1.6291290091502468
CO,BB,TAG,Q4o,1.6049008130683626
CO,BB,TAG,22,1.6472395857214552
CO,BB,TAG,98o,1.607656770372677
CO,BB,TAG,Q2s,1.556444420904594
CO,BB,TAG,T8o,1.6049008130683626
CO,BB,TAG,Q3o,1.5971477903221596
CO,BB,TAG,J6o,1.5806726169864784
CO,BB,TAG,J5o,1.5806726169864784
CO,BB,TAG,J2s,1.5806726169864784
CO,BB,TAG,T4s,1.5806726169864784
CO,BB,TAG,T3s,1.6216182683648626
CO,BB,TAG,97o,1.5815206038493441
CO,BB,TAG,87s,1.5806726169864784
CO,BB,TAG,96o,1.5809754694375018
CO,BB,TAG,T4o,1.6291290091502468
CO,BB,TAG,T5s,1.5806726169864784
CO,BB,TAG,T6s,1.5806726169864784
CO,BB,TAG,85s,1.5806726169864784
CO,BB,TAG,J3o,1.622769107678752
CO,BB,TAG,76s,1.556444420904594
CO,BB,TAG,95s,1.581823456300368
CO,BB,TAG,T7o,1.5806726169864784
CO,BB,TAG,T2s,1.5806726169864784
CO,BB,TAG,T5o,1.5806726169864784
CO,BB,TAG,93s,1.6428785104267163
CO,BB,TAG,95o,1.581490318604242
CO,BB,TAG,75s,1.556444420904594
CO,BB,TAG,Q2o,1.5806726169864784
CO,BB,TAG,87o,1.5806726169864784
CO,BB,TAG,86s,1.5806726169864784
CO,BB,TAG,94s,1.5822171644866982
CO,BB,TAG,85o,1.5806726169864784
CO,BB,TAG,92s,1.602114570518946
CO,BB,TAG,T3o,1.6213154159138392
CO,BB,TAG,86o,1.5806726169864784
CO,BB,TAG,T6o,1.5806726169864784
CO,BB,TAG,93o,1.641667100622622
CO,BB,TAG,J2o,1.6049008130683626
CO,BB,TAG,65s,1.5978140657144113
CO,BB,TAG,76o,1.556444420904594
CO,BB,TAG,74s,1.556444420904594
CO,BB,TAG,73s,1.5989649050283008
CO,BB,TAG,83s,1.5806726169864784
CO,BB,TAG,84o,1.618165750423194
CO,BB,TAG,T2o,1.6049008130683626
CO,BB,TAG,84s,1.5938164133609005
CO,BB,TAG,54s,1.556444420904594
CO,BB,TAG,53s,1.6462098873879754
CO,BB,TAG,75o,1.556444420904594
CO,BB,TAG,64s,1.556444420904594
CO,BB,TAG,92o,1.5899701872329013
CO,BB,TAG,82s,1.5806726169864784
CO,BB,TAG,74o,1.6049008130683626
CO,BB,TAG,64o,1.6049008130683626
CO,BB,TAG,43s,1.597935206694821
CO,BB,TAG,82o,1.6049008130683626
CO,BB,TAG,94o,1.6294621468463728
CO,BB,TAG,65o,1.598116918165435
CO,BB,TAG,73o,1.5984197706164585
CO,BB,TAG,72s,1.556444420904594
CO,BB,TAG,63s,1.5978140657144113
CO,BB,TAG,53o,1.64730015621166
CO,BB,TAG,32s,1.5987226230674818
CO,BB,TAG,83o,1.5806726169864784
CO,BB,TAG,62s,1.556444420904594
CO,BB,TAG,42s,1.556444420904594
CO,BB,TAG,52s,1.556444420904594
CO,BB,TAG,62o,1.5806726169864784
CO,BB,TAG,72o,1.5806726169864784
CO,BB,TAG,54o,1.6049008130683626
CO,BB,TAG,63o,1.5985409115968678
CO,BB,TAG,32o,1.622405684737524
CO,BB,TAG,52o,1.5806726169864784
CO,BB,TAG,42o,1.5806726169864784
CO,BB,TAG,43o,1.5975717837535923
CO,BB,LAG,AA,2.01830685893847
CO,BB,LAG,KK,1.8324920103201883
CO,BB,LAG,QQ,1.7578050984565035
CO,BB,LAG,JJ,1.8137558229942004
CO,BB,LAG,TT,1.7770569606630229
CO,BB,LAG,99,1.7810104680804333
CO,BB,LAG,88,1.8324060645067661
CO,BB,LAG,AKs,1.7770569606630229
CO,BB,LAG,77,1.7746504778872076
CO,BB,LAG,AKo,1.7775726355435548
CO,BB,LAG,AJo,1.7308181130420077
CO,BB,LAG,AQo,1.7554845614941101
CO,BB,LAG,AQs,1.754453211733047
CO,BB,LAG,A9o,1.9120778335489248
CO,BB,LAG,A7o,1.7500699752485265
CO,BB,LAG,KJs,1.7770569606630229
CO,BB,LAG,QJs,1.6395436591878838
CO,BB,LAG,A7s,1.7517888915169657
CO,BB,LAG,A9s,1.9340799617849467
CO,BB,LAG,KTo,1.708300309925453
CO,BB,LAG,A8o,1.708300309925453
CO,BB,LAG,AJs,1.7818699262146527
CO,BB,LAG,ATs,1.7770569606630229
CO,BB,LAG,K9s,1.878301128874094
CO,BB,LAG,55,1.5707870084503144
CO,BB,LAG,66,1.686813856569963
CO,BB,LAG,KQs,1.708300309925453
CO,BB,LAG,A8s,1.7770569606630229
CO,BB,LAG,ATo,1.708300309925453
CO,BB,LAG,A5s,1.8223504043363967
CO,BB,LAG,QTs,1.6395436591878838
CO,BB,LAG,K8s,1.839797404461055
CO,BB,LAG,KTs,1.7770569606630229
CO,BB,LAG,A4s,1.708300309925453
CO,BB,LAG,KJo,1.709761388753627
CO,BB,LAG,K5s,1.708300309925453
CO,BB,LAG,A6s,1.708300309925453
CO,BB,LAG,K9o,1.8421179414234476
CO,BB,LAG,A3s,1.8129823106734027
CO,BB,LAG,44,1.795105581481635
CO,BB,LAG,KQo,1.708300309925453
CO,BB,LAG,K7s,1.708300309925453
CO,BB,LAG,Q8s,1.7055500438959506
CO,BB,LAG,A5o,1.8226941875900844
CO,BB,LAG,Q5s,1.5707870084503144
CO,BB,LAG,A4o,1.7770569606630229
CO,BB,LAG,Q9o,1.7976839558842936
CO,BB,LAG,QTo,1.5707870084503144
CO,BB,LAG,Q9s,1.7481791673532434
CO,BB,LAG,A6o,1.708300309925453
CO,BB,LAG,A2s,1.708300309925453
CO,BB,LAG,JTs,1.7770569606630229
CO,BB,LAG,K4o,1.7770569606630229
CO,BB,LAG,K6s,1.708300309925453
CO,BB,LAG,K8o,1.7770569606630229
CO,BB,LAG,K7o,1.708300309925453
CO,BB,LAG,J9o,1.7770569606630229
CO,BB,LAG,J8s,1.7784320936777742
CO,BB,LAG,JTo,1.7770569606630229
CO,BB,LAG,K4s,1.708300309925453
CO,BB,LAG,K2s,1.708300309925453
CO,BB,LAG,K6o,1.708300309925453
CO,BB,LAG,J9s,1.7715564286040173
CO,BB,LAG,K3s,1.8112633944049634
CO,BB,LAG,A3o,1.8129823106734027
CO,BB,LAG,Q6s,1.5707870084503144
CO,BB,LAG,QJo,1.5707870084503144
CO,BB,LAG,33,1.8332655226409862
CO,BB,LAG,Q3s,1.6730625264224492
CO,BB,LAG,J7s,1.6395436591878838
CO,BB,LAG,Q6o,1.5707870084503144
CO,BB,LAG,Q7s,1.5707870084503144
CO,BB,LAG,J5s,1.6395436591878838
CO,BB,LAG,J6s,1.6395436591878838
CO,BB,LAG,T9o,1.7770569606630229
CO,BB,LAG,Q7o,1.5707870084503144
CO,BB,LAG,A2o,1.7770569606630229
CO,BB,LAG,K5o,1.708300309925453
CO,BB,LAG,K3o,1.810747719524432
CO,BB,LAG,Q8o,1.6395436591878838
CO,BB,LAG,T7s,1.6395436591878838
CO,BB,LAG,J8o,1.708300309925453
CO,BB,LAG,97s,1.72875541351988
CO,BB,LAG,T8s,1.8172796013445012
CO,BB,LAG,Q4s,1.5707870084503144
CO,BB,LAG,J4s,1.6395436591878838
CO,BB,LAG,J3s,1.743709985055302
CO,BB,LAG,96s,1.7329667583775563
CO,BB,LAG,J7o,1.6395436591878838
CO,BB,LAG,Q5o,1.5707870084503144
CO,BB,LAG,J4o,1.7770569606630229
CO,BB,LAG,98s,1.8769259958593423
CO,BB,LAG,T9s,1.7337402706983542
CO,BB,LAG,K2o,1.7770569606630229
CO,BB,LAG,Q4o,1.7083003099254537
CO,BB,LAG,22,1.8709097889198052
CO,BB,LAG,98o,1.808169345121773
CO,BB,LAG,Q2s,1.5707870084503144
CO,BB,LAG,T8o,1.708300309925453
CO,BB,LAG,Q3o,1.6728906347956052
CO,BB,LAG,J6o,1.6395436591878838
CO,BB,LAG,J5o,1.6395436591878838
CO,BB,LAG,J2s,1.6395436591878838
CO,BB,LAG,T4s,1.6395436591878838
CO,BB,LAG,T3s,1.7471478175921804
CO,BB,LAG,97o,1.7358029702204814
CO,BB,LAG,87s,1.7052062606422627
CO,BB,LAG,96o,1.7298727090943657
CO,BB,LAG,T4o,1.7770569606630229
CO,BB,LAG,T5s,1.6395436591878838
CO,BB,LAG,T6s,1.6395436591878838
CO,BB,LAG,85s,1.708815984805985
CO,BB,LAG,J3o,1.7440537683089896
CO,BB,LAG,76s,1.5707870084503144
CO,BB,LAG,95s,1.7335683790715102
CO,BB,LAG,T7o,1.6395436591878838
CO,BB,LAG,T2s,1.6395436591878838
CO,BB,LAG,T5o,1.6395436591878838
CO,BB,LAG,93s,1.8704800598526952
CO,BB,LAG,95o,1.738467290436562
CO,BB,LAG,75s,1.5707870084503144
CO,BB,LAG,Q2o,1.6395436591878838
CO,BB,LAG,87o,1.7081284182986096
CO,BB,LAG,86s,1.7083003099254537
CO,BB,LAG,94s,1.738209452996296
CO,BB,LAG,85o,1.7060657187764825
CO,BB,LAG,92s,1.763477522142353
CO,BB,LAG,T3o,1.7449132264432095
CO,BB,LAG,86o,1.7062376104033266
CO,BB,LAG,T6o,1.6395436591878838
CO,BB,LAG,93o,1.8774416707398744
CO,BB,LAG,J2o,1.708300309925453
CO,BB,LAG,65s,1.686985748196807
CO,BB,LAG,76o,1.5707870084503144
CO,BB,LAG,74s,1.5707870084503144
CO,BB,LAG,73s,1.6747814426908885
CO,BB,LAG,83s,1.7077846350449217
CO,BB,LAG,84o,1.808685020002305
CO,BB,LAG,T2o,1.708300309925453
CO,BB,LAG,84s,1.741131610652643
CO,BB,LAG,54s,1.5707870084503144
CO,BB,LAG,53s,1.8152169018223738
CO,BB,LAG,75o,1.5707870084503144
CO,BB,LAG,64s,1.6367933931583807
CO,BB,LAG,92o,1.7101911178207363
CO,BB,LAG,82s,1.706925176910702
CO,BB,LAG,74o,1.7083003099254537
CO,BB,LAG,64o,1.7083003099254537
CO,BB,LAG,43s,1.6954084379121592
CO,BB,LAG,82o,1.7705250788429538
CO,BB,LAG,94o,1.8766681584190767
CO,BB,LAG,65o,1.6881889895847142
CO,BB,LAG,73o,1.6761565757056396
CO,BB,LAG,72s,1.5707870084503144
CO,BB,LAG,63s,1.677703600347235
CO,BB,LAG,53o,1.8162482515834373
CO,BB,LAG,32s,1.6876733147041827
CO,BB,LAG,83o,1.7077846350449217
CO,BB,LAG,62s,1.6429814917247623
CO,BB,LAG,42s,1.6395436591878838
CO,BB,LAG,52s,1.5707870084503144
CO,BB,LAG,62o,1.7129413838502394
CO,BB,LAG,72o,1.6395436591878838
CO,BB,LAG,54o,1.7083003099254537
CO,BB,LAG,63o,1.6730625264224492
CO,BB,LAG,32o,1.7564299654417521
CO,BB,LAG,52o,1.6395436591878838
CO,BB,LAG,42o,1.7062376104033266
CO,BB,LAG,43o,1.6950646546584711
CO,BB,Loose-passive,AA,2.2156686170216466
CO,BB,Loose-passive,KK,1.9986837452030206
CO,BB,Loose-passive,QQ,1.8961853665262662
CO,BB,Loose-passive,JJ,1.981900384951856
CO,BB,Loose-passive,TT,1.9411407957704572
CO,BB,Loose-passive,99,1.9327491156448744
CO,BB,Loose-passive,88,1.9926896879704616
CO,BB,Loose-passive,AKs,1.9373445595231695
CO,BB,Loose-passive,77,1.930351492751851
CO,BB,Loose-passive,AKo,1.9429390129402242
CO,BB,Loose-passive,AJo,1.8770043833820784
CO,BB,Loose-passive,AQo,1.921260505949137
CO,BB,Loose-passive,AQs,1.9231586240727807
CO,BB,Loose-passive,A9o,2.090492721815045
CO,BB,Loose-passive,A7o,1.9177639725634776
CO,BB,Loose-passive,KJs,1.9373445595231695
CO,BB,Loose-passive,QJs,1.7775030333216035
CO,BB,Loose-passive,A7s,1.9181635763789817
CO,BB,Loose-passive,A9s,2.1181652860386913
CO,BB,Loose-passive,KTo,1.8574237964223865
CO,BB,Loose-passive,A8o,1.8574237964223865
CO,BB,Loose-passive,AJs,1.9421398053092165
CO,BB,Loose-passive,ATs,1.9373445595231695
CO,BB,Loose-passive,K9s,2.0497331326336456
CO,BB,Loose-passive,55,1.6975822702208205
CO,BB,Loose-passive,66,1.8342467751231595
CO,BB,Loose-passive,KQs,1.8574237964223865
CO,BB,Loose-passive,A8s,1.9373445595231695
CO,BB,Loose-passive,ATo,1.8574237964223865
CO,BB,Loose-passive,A5s,1.9927895889243379
CO,BB,Loose-passive,QTs,1.7775030333216035
CO,BB,Loose-passive,K8s,2.006076415789843
CO,BB,Loose-passive,KTs,1.9373445595231695
CO,BB,Loose-passive,A4s,1.8574237964223865
CO,BB,Loose-passive,KJo,1.8623189431623093
CO,BB,Loose-passive,K5s,1.8574237964223865
CO,BB,Loose-passive,A6s,1.8574237964223865
CO,BB,Loose-passive,K9o,2.010671859668138
CO,BB,Loose-passive,A3s,1.9804018706437165
CO,BB,Loose-passive,44,1.9577243541138694
CO,BB,Loose-passive,KQo,1.8574237964223865
CO,BB,Loose-passive,K7s,1.8574237964223865
CO,BB,Loose-passive,Q8s,1.8548263716216111
CO,BB,Loose-passive,A5o,1.9940883013247255
CO,BB,Loose-passive,Q5s,1.6975822702208205
CO,BB,Loose-passive,A4o,1.9373445595231695
CO,BB,Loose-passive,Q9o,1.9617203922689084
CO,BB,Loose-passive,QTo,1.6975822702208205
CO,BB,Loose-passive,Q9s,1.8963851684340183
CO,BB,Loose-passive,A6o,1.8574237964223865
CO,BB,Loose-passive,A2s,1.8574237964223865
CO,BB,Loose-passive,JTs,1.9373445595231695
CO,BB,Loose-passive,K4o,1.9373445595231695
CO,BB,Loose-passive,K6s,1.8574237964223865
CO,BB,Loose-passive,K8o,1.9373445595231695
CO,BB,Loose-passive,K7o,1.8574237964223865
CO,BB,Loose-passive,J9o,1.9373445595231695
CO,BB,Loose-passive,J8s,1.9323495118293705
CO,BB,Loose-passive,JTo,1.9373445595231695
CO,BB,Loose-passive,K4s,1.8574237964223865
CO,BB,Loose-passive,K2s,1.8574237964223865
CO,BB,Loose-passive,K6o,1.8574237964223865
CO,BB,Loose-passive,J9s,1.9315503041983628
CO,BB,Loose-passive,K3s,1.988094244092167
CO,BB,Loose-passive,A3o,1.9860962250146474
CO,BB,Loose-passive,Q6s,1.6975822702208205
CO,BB,Loose-passive,QJo,1.6975822702208205
CO,BB,Loose-passive,33,2.005277208158835
CO,BB,Loose-passive,Q3s,1.8248560854588174
CO,BB,Loose-passive,J7s,1.7775030333216035
CO,BB,Loose-passive,Q6o,1.6975822702208205
CO,BB,Loose-passive,Q7s,1.6975822702208205
CO,BB,Loose-passive,J5s,1.7775030333216035
CO,BB,Loose-passive,J6s,1.7775030333216035
CO,BB,Loose-passive,T9o,1.9373445595231695
CO,BB,Loose-passive,Q7o,1.6975822702208205
CO,BB,Loose-passive,A2o,1.9373445595231695
CO,BB,Loose-passive,K5o,1.8574237964223865
CO,BB,Loose-passive,K3o,1.9811011773208484
CO,BB,Loose-passive,Q8o,1.7775030333216035
CO,BB,Loose-passive,T7s,1.7775030333216035
CO,BB,Loose-passive,J8o,1.8574237964223865
CO,BB,Loose-passive,97s,1.8731082461809152
CO,BB,Loose-passive,T8s,1.9771051391658092
CO,BB,Loose-passive,Q4s,1.6975822702208205
CO,BB,Loose-passive,J4s,1.7775030333216035
CO,BB,Loose-passive,J3s,1.9027788294820809
CO,BB,Loose-passive,96s,1.8814000253526215
CO,BB,Loose-passive,J7o,1.7775030333216035
CO,BB,Loose-passive,Q5o,1.6975822702208205
CO,BB,Loose-passive,J4o,1.9373445595231695
CO,BB,Loose-passive,98s,2.052730161249925
CO,BB,Loose-passive,T9s,1.8863950730464205
CO,BB,Loose-passive,K2o,1.9373445595231695
CO,BB,Loose-passive,Q4o,1.8574237964223865
CO,BB,Loose-passive,22,2.041641155369691
CO,BB,Loose-passive,98o,1.9668153409165834
CO,BB,Loose-passive,Q2s,1.6975822702208205
CO,BB,Loose-passive,T8o,1.8574237964223865
CO,BB,Loose-passive,Q3o,1.822258660658042
CO,BB,Loose-passive,J6o,1.7775030333216035
CO,BB,Loose-passive,J5o,1.7775030333216035
CO,BB,Loose-passive,J2s,1.7775030333216035
CO,BB,Loose-passive,T4s,1.7775030333216035
CO,BB,Loose-passive,T3s,1.902978631389833
CO,BB,Loose-passive,97o,1.8823990348913815
CO,BB,Loose-passive,87s,1.8558253811603709
CO,BB,Loose-passive,96o,1.8798016100906059
CO,BB,Loose-passive,T4o,1.9373445595231695
CO,BB,Loose-passive,T5s,1.7775030333216035
CO,BB,Loose-passive,T6s,1.7775030333216035
CO,BB,Loose-passive,85s,1.8522289468208355
CO,BB,Loose-passive,J3o,1.9069746695448722
CO,BB,Loose-passive,76s,1.6975822702208205
CO,BB,Loose-passive,95s,1.8809005205832416
CO,BB,Loose-passive,T7o,1.7775030333216035
CO,BB,Loose-passive,T2s,1.7775030333216035
CO,BB,Loose-passive,T5o,1.7775030333216035
CO,BB,Loose-passive,93s,2.0521307555266692
CO,BB,Loose-passive,95o,1.8781032938747142
CO,BB,Loose-passive,75s,1.6975822702208205
CO,BB,Loose-passive,Q2o,1.7775030333216035
CO,BB,Loose-passive,87o,1.8540271639906034
CO,BB,Loose-passive,86s,1.8538273620828514
CO,BB,Loose-passive,94s,1.8717096328266516
CO,BB,Loose-passive,85o,1.8556255792526188
CO,BB,Loose-passive,92s,1.9183633782867335
CO,BB,Loose-passive,T3o,1.8965849703417703
CO,BB,Loose-passive,86o,1.8556255792526188
CO,BB,Loose-passive,T6o,1.7775030333216035
CO,BB,Loose-passive,93o,2.043539273493335
CO,BB,Loose-passive,J2o,1.8574237964223865
CO,BB,Loose-passive,65s,1.8346463789386636
CO,BB,Loose-passive,76o,1.6975822702208205
CO,BB,Loose-passive,74s,1.6975822702208205
CO,BB,Loose-passive,73s,1.8262546988130814
CO,BB,Loose-passive,83s,1.8534277582673475
CO,BB,Loose-passive,84o,1.9757065258115454
CO,BB,Loose-passive,T2o,1.8574237964223865
CO,BB,Loose-passive,84s,1.8915899226479713
CO,BB,Loose-passive,54s,1.6975822702208205
CO,BB,Loose-passive,53s,1.9850972154758875
CO,BB,Loose-passive,75o,1.6975822702208205
CO,BB,Loose-passive,64s,1.775505014244084
CO,BB,Loose-passive,92o,1.8522289468208355
CO,BB,Loose-passive,82s,1.8530281544518434
CO,BB,Loose-passive,74o,1.8574237964223865
CO,BB,Loose-passive,64o,1.8574237964223865
CO,BB,Loose-passive,43s,1.8424386533409898
CO,BB,Loose-passive,82o,1.9279538698588274
CO,BB,Loose-passive,94o,2.0329497723824814
CO,BB,Loose-passive,65o,1.8400410304479662
CO,BB,Loose-passive,73o,1.8238570759200579
CO,BB,Loose-passive,72s,1.6975822702208205
CO,BB,Loose-passive,63s,1.82205885875029
CO,BB,Loose-passive,53o,1.988094244092167
CO,BB,Loose-passive,32s,1.8356453884774233
CO,BB,Loose-passive,83o,1.8524287487285875
CO,BB,Loose-passive,62s,1.7775030333216035
CO,BB,Loose-passive,42s,1.775305212336332
CO,BB,Loose-passive,52s,1.6975822702208205
CO,BB,Loose-passive,62o,1.8600212212231622
CO,BB,Loose-passive,72o,1.7775030333216035
CO,BB,Loose-passive,54o,1.8574237964223865
CO,BB,Loose-passive,63o,1.8294515293371125
CO,BB,Loose-passive,32o,1.9179637744712297
CO,BB,Loose-passive,52o,1.7775030333216035
CO,BB,Loose-passive,42o,1.8570241926068827
CO,BB,Loose-passive,43o,1.8406404361712223
CO,BB,Station,AA,3.0241565432402013
CO,BB,Station,KK,2.638486405601403
CO,BB,Station,QQ,2.4498517046176738
CO,BB,Station,JJ,2.5824815011258018
CO,BB,Station,TT,2.5417506615071823
CO,BB,Station,99,2.411921110222835
CO,BB,Station,88,2.5282585708835152
CO,BB,Station,AKs,2.3887554451897453
CO,BB,Station,77,2.4544339240747686
CO,BB,Station,AKo,2.429231717060748
CO,BB,Station,AJo,2.2887103203765125
CO,BB,Station,AQo,2.4019929680657963
CO,BB,Station,AQs,2.411921110222835
CO,BB,Station,A9o,2.6909273616103753
CO,BB,Station,A7o,2.394865071132538
CO,BB,Station,KJs,2.4455240529081954
CO,BB,Station,QJs,1.9957028428700718
CO,BB,Station,A7s,2.3862097677135816
CO,BB,Station,A9s,2.836540113246938
CO,BB,Station,KTo,2.18510124709665
CO,BB,Station,A8o,2.298383894785934
CO,BB,Station,AJs,2.483200079555418
CO,BB,Station,ATs,2.3887554451897453
CO,BB,Station,K9s,2.6018286499446455
CO,BB,Station,55,1.8017222191863993
CO,BB,Station,66,2.203684692672645
CO,BB,Station,KQs,2.18510124709665
CO,BB,Station,A8s,2.3887554451897453
CO,BB,Station,ATo,2.18510124709665
CO,BB,Station,A5s,2.5310588161072953
CO,BB,Station,QTs,1.9814470490035552
CO,BB,Station,K8s,2.690163658367526
CO,BB,Station,KTs,2.388755445189745
CO,BB,Station,A4s,2.1866286535823485
CO,BB,Station,KJo,2.2385604740960874
CO,BB,Station,K5s,2.18510124709665
CO,BB,Station,A6s,2.18510124709665
CO,BB,Station,K9o,2.4852366215363486
CO,BB,Station,A3s,2.5096751253075205
CO,BB,Station,44,2.531313383854912
CO,BB,Station,KQo,2.18510124709665
CO,BB,Station,K7s,2.18510124709665
CO,BB,Station,Q8s,2.272417984529065
CO,BB,Station,A5o,2.5417506615071828
CO,BB,Station,Q5s,1.7777928509104604
CO,BB,Station,A4o,2.3887554451897453
CO,BB,Station,Q9o,2.4302499880512136
CO,BB,Station,QTo,1.7777928509104604
CO,BB,Station,Q9s,2.3352962181903076
CO,BB,Station,A6o,2.18510124709665
CO,BB,Station,A2s,2.18510124709665
CO,BB,Station,JTs,2.3686445931280518
CO,BB,Station,K4o,2.3887554451897453
CO,BB,Station,K6s,2.18510124709665
CO,BB,Station,K8o,2.489309705498211
CO,BB,Station,K7o,2.18510124709665
CO,BB,Station,J9o,2.3887554451897453
CO,BB,Station,J8s,2.4745447761364616
CO,BB,Station,JTo,2.3683900253804357
CO,BB,Station,K4s,2.18510124709665
CO,BB,Station,K2s,2.18510124709665
CO,BB,Station,K6o,2.18510124709665
CO,BB,Station,J9s,2.3765361933041595
CO,BB,Station,K3s,2.4834546473030343
CO,BB,Station,A3o,2.4974558734219348
CO,BB,Station,Q6s,1.7777928509104604
CO,BB,Station,QJo,1.7912849415341279
CO,BB,Station,33,2.5455691777214287
CO,BB,Station,Q3s,2.0814921738167884
CO,BB,Station,J7s,1.9814470490035552
CO,BB,Station,Q6o,1.7777928509104604
CO,BB,Station,Q7s,1.7884846963103478
CO,BB,Station,J5s,1.9814470490035552
CO,BB,Station,J6s,1.9814470490035552
CO,BB,Station,T9o,2.3887554451897453
CO,BB,Station,Q7o,1.7892483995531967
CO,BB,Station,A2o,2.3887554451897453
CO,BB,Station,K5o,2.18510124709665
CO,BB,Station,K3o,2.4941464927029218
CO,BB,Station,Q8o,2.078691928593008
CO,BB,Station,T7s,1.9814470490035552
CO,BB,Station,J8o,2.2739453910147627
CO,BB,Station,97s,2.1576079303540823
CO,BB,Station,T8s,2.5526970746546866
CO,BB,Station,Q4s,1.7777928509104604
CO,BB,Station,J4s,1.9814470490035552
CO,BB,Station,J3s,2.2798004492099393
CO,BB,Station,96s,2.1474252204494277
CO,BB,Station,J7o,1.9814470490035552
CO,BB,Station,Q5o,1.7777928509104604
CO,BB,Station,J4o,2.3887554451897453
CO,BB,Station,98s,2.6481599800108246
CO,BB,Station,T9s,2.2749636620052285
CO,BB,Station,K2o,2.388755445189745
CO,BB,Station,Q4o,2.18510124709665
CO,BB,Station,22,2.7329310399670756
CO,BB,Station,98o,2.4618163887556435
CO,BB,Station,Q2s,1.7777928509104604
CO,BB,Station,T8o,2.275218229752845
CO,BB,Station,Q3o,2.0761462511168447
CO,BB,Station,J6o,1.9814470490035552
CO,BB,Station,J5o,1.9814470490035552
CO,BB,Station,J2s,1.9814470490035552
CO,BB,Station,T4s,1.9814470490035552
CO,BB,Station,T3s,2.2701268748005172
CO,BB,Station,97o,2.1578624981016987
CO,BB,Station,87s,2.2736908232671467
CO,BB,Station,96o,2.1509891689160567
CO,BB,Station,T4o,2.3887554451897453
CO,BB,Station,T5s,1.9814470490035552
CO,BB,Station,T6s,1.9814470490035552
CO,BB,Station,85s,2.2660537908386558
CO,BB,Station,J3o,2.2767456362385428
CO,BB,Station,76s,1.7777928509104604
CO,BB,Station,95s,2.158117065849315
CO,BB,Station,T7o,1.9814470490035552
CO,BB,Station,T2s,1.9814470490035552
CO,BB,Station,T5o,1.9814470490035552
CO,BB,Station,93s,2.543278067992881
CO,BB,Station,95o,2.155825956120768
CO,BB,Station,75s,1.7777928509104604
CO,BB,Station,Q2o,1.9814470490035552
CO,BB,Station,87o,2.27063601029575
CO,BB,Station,86s,2.265544655343423
CO,BB,Station,94s,2.1461523817113455
CO,BB,Station,85o,2.278273042724241
CO,BB,Station,92s,2.245688371029346
CO,BB,Station,T3o,2.272672552276681
CO,BB,Station,86o,2.27063601029575
CO,BB,Station,T6o,1.9814470490035552
CO,BB,Station,93o,2.5318225193501447
CO,BB,Station,J2o,2.18510124709665
CO,BB,Station,65s,2.153025710896988
CO,BB,Station,76o,1.7777928509104604
CO,BB,Station,74s,1.7777928509104604
CO,BB,Station,73s,2.0705457606692845
CO,BB,Station,83s,2.2619807068767934
CO,BB,Station,84o,2.5394595517786356
CO,BB,Station,T2o,2.18510124709665
CO,BB,Station,84s,2.3485337410663587
CO,BB,Station,54s,1.7777928509104604
CO,BB,Station,53s,2.4890551377505945
CO,BB,Station,75o,1.7777928509104604
CO,BB,Station,64s,1.9427527513658671
CO,BB,Station,92o,2.0748734123787624
CO,BB,Station,82s,2.2716542812862155
CO,BB,Station,74o,2.18510124709665
CO,BB,Station,64o,2.18510124709665
CO,BB,Station,43s,2.16829977575397
CO,BB,Station,82o,2.469198853436518
CO,BB,Station,94o,2.56160694582126
CO,BB,Station,65o,2.156589659363617
CO,BB,Station,73o,2.069527489678819
CO,BB,Station,72s,1.7777928509104604
CO,BB,Station,63s,2.0664726767074226
CO,BB,Station,53o,2.4870185957696633
CO,BB,Station,32s,2.1591353368397805
CO,BB,Station,83o,2.2675811973243536
CO,BB,Station,62s,1.9671912551370385
CO,BB,Station,42s,1.9478441063181944
CO,BB,Station,52s,1.7777928509104604
CO,BB,Station,62o,2.1586262013445476
CO,BB,Station,72o,1.9814470490035552
CO,BB,Station,54o,2.18510124709665
CO,BB,Station,63o,2.0725823026502153
CO,BB,Station,32o,2.36737175438997
CO,BB,Station,52o,1.9814470490035552
CO,BB,Station,42o,2.170845453230134
CO,BB,Station,43o,2.170336317734901
CO,BB,Maniac,AA,2.511638513429139
CO,BB,Maniac,KK,2.2308234776239257
CO,BB,Maniac,QQ,2.119051134352104
CO,BB,Maniac,JJ,2.237398321345798
CO,BB,Maniac,TT,2.2081575690037885
CO,BB,Maniac,99,2.1095349131757106
CO,BB,Maniac,88,2.2226914340731896
CO,BB,Maniac,AKs,2.1358342880631978
CO,BB,Maniac,77,2.0974233589512097
CO,BB,Maniac,AKo,2.1533095305871206
CO,BB,Maniac,AJo,2.0463818090050987
CO,BB,Maniac,AQo,2.140678909752998
CO,BB,Maniac,AQs,2.132373843999055
CO,BB,Maniac,A9o,2.324947556168618
CO,BB,Maniac,A7o,2.1299515331541548
CO,BB,Maniac,KJs,2.154866730415985
CO,BB,Maniac,QJs,1.8605559627606143
CO,BB,Maniac,A7s,2.1299515331541548
CO,BB,Maniac,A9s,2.4126698131946456
CO,BB,Maniac,KTo,1.997416525497474
CO,BB,Maniac,A8o,2.048631097646792
CO,BB,Maniac,AJs,2.187221882415723
CO,BB,Maniac,ATs,2.1358342880631978
CO,BB,Maniac,K9s,2.2560847192921707
CO,BB,Maniac,55,1.7205810003660258
CO,BB,Maniac,66,1.9745775946741295
CO,BB,Maniac,KQs,1.997416525497474
CO,BB,Maniac,A8s,2.1358342880631978
CO,BB,Maniac,ATo,1.997416525497474
CO,BB,Maniac,A5s,2.244146187270877
CO,BB,Maniac,QTs,1.8589987629317501
CO,BB,Maniac,K8s,2.3284080002327614
CO,BB,Maniac,KTs,2.1358342880631978
CO,BB,Maniac,A4s,1.997416525497474
CO,BB,Maniac,KJo,2.0136806125989466
CO,BB,Maniac,K5s,1.997416525497474
CO,BB,Maniac,A6s,1.997416525497474
CO,BB,Maniac,K9o,2.1920665041055236
CO,BB,Maniac,A3s,2.2064273469717173
CO,BB,Maniac,44,2.2244216561052608
CO,BB,Maniac,KQo,1.997416525497474
CO,BB,Maniac,K7s,1.997416525497474
CO,BB,Maniac,Q8s,2.037730698844741
CO,BB,Maniac,A5o,2.241723876425977
CO,BB,Maniac,Q5s,1.7205810003660258
CO,BB,Maniac,A4o,2.1358342880631978
CO,BB,Maniac,Q9o,2.1240687782451118
CO,BB,Maniac,QTo,1.7205810003660258
CO,BB,Maniac,Q9s,2.0730272282990008
CO,BB,Maniac,A6o,1.997416525497474
CO,BB,Maniac,A2s,1.997416525497474
CO,BB,Maniac,JTs,2.1233766894322827
CO,BB,Maniac,K4o,2.1358342880631978
CO,BB,Maniac,K6s,1.997416525497474
CO,BB,Maniac,K8o,2.1647289959987925
CO,BB,Maniac,K7o,1.997416525497474
CO,BB,Maniac,J9o,2.1358342880631978
CO,BB,Maniac,J8s,2.160749485325028
CO,BB,Maniac,JTo,2.119743223164933
CO,BB,Maniac,K4s,1.997416525497474
CO,BB,Maniac,K2s,1.997416525497474
CO,BB,Maniac,K6o,1.997416525497474
CO,BB,Maniac,J9s,2.12476086705794
CO,BB,Maniac,K3s,2.1913744152926946
CO,BB,Maniac,A3o,2.214732412725661
CO,BB,Maniac,Q6s,1.7205810003660258
CO,BB,Maniac,QJo,1.7205810003660258
CO,BB,Maniac,33,2.2482987201478486
CO,BB,Maniac,Q3s,1.9026003581399529
CO,BB,Maniac,J7s,1.8589987629317501
CO,BB,Maniac,Q6o,1.7205810003660258
CO,BB,Maniac,Q7s,1.722830289007719
CO,BB,Maniac,J5s,1.8589987629317501
CO,BB,Maniac,J6s,1.8589987629317501
CO,BB,Maniac,T9o,2.1358342880631978
CO,BB,Maniac,Q7o,1.7231763334141332
CO,BB,Maniac,A2o,2.1358342880631978
CO,BB,Maniac,K5o,1.997416525497474
CO,BB,Maniac,K3o,2.1953539259664594
CO,BB,Maniac,Q8o,1.8840869823967872
CO,BB,Maniac,T7s,1.8589987629317501
CO,BB,Maniac,J8o,2.0181791898823325
CO,BB,Maniac,97s,1.9543339968988924
CO,BB,Maniac,T8s,2.246222453709363
CO,BB,Maniac,Q4s,1.7205810003660258
CO,BB,Maniac,J4s,1.8589987629317501
CO,BB,Maniac,J3s,2.0347893213902193
CO,BB,Maniac,96s,1.945855908941742
CO,BB,Maniac,J7o,1.8589987629317501
CO,BB,Maniac,Q5o,1.7205810003660258
CO,BB,Maniac,J4o,2.1358342880631978
CO,BB,Maniac,98s,2.2534893862440635
CO,BB,Maniac,T9s,2.0460357645986846
CO,BB,Maniac,K2o,2.135834288063198
CO,BB,Maniac,Q4o,1.9974165254974736
CO,BB,Maniac,22,2.3656077739223
CO,BB,Maniac,98o,2.1121302462238174
CO,BB,Maniac,Q2s,1.7205810003660258
CO,BB,Maniac,T8o,2.0157568790374323
CO,BB,Maniac,Q3o,1.9223248893055684
CO,BB,Maniac,J6o,1.8589987629317501
CO,BB,Maniac,J5o,1.8589987629317501
CO,BB,Maniac,J2s,1.8589987629317501
CO,BB,Maniac,T4s,1.8589987629317501
CO,BB,Maniac,T3s,2.0358274546094624
CO,BB,Maniac,97o,1.9562372411341713
CO,BB,Maniac,87s,2.021293589540061
CO,BB,Maniac,96o,1.940665242845527
CO,BB,Maniac,T4o,2.1358342880631978
CO,BB,Maniac,T5s,1.8589987629317501
CO,BB,Maniac,T6s,1.8589987629317501
CO,BB,Maniac,85s,2.0199094119144037
CO,BB,Maniac,J3o,2.0437864759569915
CO,BB,Maniac,76s,1.7205810003660258
CO,BB,Maniac,95s,1.9463749755513635
CO,BB,Maniac,T7o,1.8589987629317501
CO,BB,Maniac,T2s,1.8589987629317501
CO,BB,Maniac,T5o,1.8589987629317501
CO,BB,Maniac,93s,2.220096101025083
CO,BB,Maniac,95o,1.9498354196155063
CO,BB,Maniac,75s,1.7205810003660258
CO,BB,Maniac,Q2o,1.8589987629317497
CO,BB,Maniac,87o,2.012988523786118
CO,BB,Maniac,86s,2.009874124128389
CO,BB,Maniac,94s,1.9398001318294913
CO,BB,Maniac,85o,2.0161029234438463
CO,BB,Maniac,92s,2.025100078010619
CO,BB,Maniac,T3o,2.0403260318928482
CO,BB,Maniac,86o,2.0102201685348033
CO,BB,Maniac,T6o,1.8589987629317501
CO,BB,Maniac,93o,2.203312947313988
CO,BB,Maniac,J2o,1.997416525497474
CO,BB,Maniac,65s,1.9801143051767582
CO,BB,Maniac,76o,1.7205810003660258
CO,BB,Maniac,74s,1.7205810003660258
CO,BB,Maniac,73s,1.9012161805142955
CO,BB,Maniac,83s,2.0195633675079896
CO,BB,Maniac,84o,2.2320346330463763
CO,BB,Maniac,T2o,1.997416525497474
CO,BB,Maniac,84s,2.0967312701383807
CO,BB,Maniac,54s,1.7205810003660258
CO,BB,Maniac,53s,2.1887790822445874
CO,BB,Maniac,75o,1.7205810003660258
CO,BB,Maniac,64s,1.8351216988891625
CO,BB,Maniac,92o,1.9152309789740753
CO,BB,Maniac,82s,2.014718745818189
CO,BB,Maniac,74o,1.9974165254974736
CO,BB,Maniac,64o,1.9974165254974736
CO,BB,Maniac,43s,1.983228704834487
CO,BB,Maniac,82o,2.1576350856672994
CO,BB,Maniac,94o,2.2166356569609396
CO,BB,Maniac,65o,1.9790761719575152
CO,BB,Maniac,73o,1.907098935423339
CO,BB,Maniac,72s,1.7205810003660258
CO,BB,Maniac,63s,1.9029464025463672
CO,BB,Maniac,53o,2.186356771399687
CO,BB,Maniac,32s,1.976307816706201
CO,BB,Maniac,83o,2.0161029234438463
CO,BB,Maniac,62s,1.844464897862349
CO,BB,Maniac,42s,1.84135049820462
CO,BB,Maniac,52s,1.7205810003660258
CO,BB,Maniac,62o,1.9735394614548867
CO,BB,Maniac,72o,1.8589987629317497
CO,BB,Maniac,54o,1.9974165254974736
CO,BB,Maniac,63o,1.9067528910169245
CO,BB,Maniac,32o,2.111265135207782
CO,BB,Maniac,52o,1.8589987629317497
CO,BB,Maniac,42o,1.9821905716152444
CO,BB,Maniac,43o,1.9835747492409013
SB,BB,Nit,AA,1.5724400000568304
SB,BB,Nit,KK,1.5337640766056604
SB,BB,Nit,QQ,1.5096669280379535
SB,BB,Nit,JJ,1.5427703858828412
SB,BB,Nit,TT,1.5324387334344367
SB,BB,Nit,99,1.5350291769054651
SB,BB,Nit,88,1.544035486182646
SB,BB,Nit,AKs,1.5458126508895143
SB,BB,Nit,77,1.5166249796868791
SB,BB,Nit,AKo,1.5337640766056604
SB,BB,Nit,AJo,1.5337640766056604
SB,BB,Nit,AQo,1.5337640766056604
SB,BB,Nit,AQs,1.5337640766056604
SB,BB,Nit,A9o,1.5592919933695752
SB,BB,Nit,A7o,1.5337640766056604
SB,BB,Nit,KJs,1.5458126508895143
SB,BB,Nit,QJs,1.521715502321807
SB,BB,Nit,A7s,1.5337640766056604
SB,BB,Nit,A9s,1.5439752433112266
SB,BB,Nit,KTo,1.5337640766056604
SB,BB,Nit,A8o,1.5337640766056604
SB,BB,Nit,AJs,1.5458126508895143
SB,BB,Nit,ATs,1.5458126508895143
SB,BB,Nit,K9s,1.5449843114074993
SB,BB,Nit,55,1.5096669280379535
SB,BB,Nit,66,1.5205407663291313
SB,BB,Nit,KQs,1.5337640766056604
SB,BB,Nit,A8s,1.5458126508895138
SB,BB,Nit,ATo,1.5337640766056604
SB,BB,Nit,A5s,1.552047788081408
SB,BB,Nit,QTs,1.521715502321807
SB,BB,Nit,K8s,1.5458126508895138
SB,BB,Nit,KTs,1.5458126508895143
SB,BB,Nit,A4s,1.5337640766056604
SB,BB,Nit,KJo,1.5337640766056604
SB,BB,Nit,K5s,1.5337640766056604
SB,BB,Nit,A6s,1.5337640766056604
SB,BB,Nit,K9o,1.5472434190857216
SB,BB,Nit,A3s,1.5523188810027948
SB,BB,Nit,44,1.541143828354521
SB,BB,Nit,KQo,1.5337640766056604
SB,BB,Nit,K7s,1.5337640766056604
SB,BB,Nit,Q8s,1.5240649743071586
SB,BB,Nit,A5o,1.5528610668455682
SB,BB,Nit,Q5s,1.5096669280379535
SB,BB,Nit,A4o,1.5458126508895138
SB,BB,Nit,Q9o,1.5364750058195276
SB,BB,Nit,QTo,1.5096669280379535
SB,BB,Nit,Q9s,1.5231613312358692
SB,BB,Nit,A6o,1.5337640766056604
SB,BB,Nit,A2s,1.5337640766056604
SB,BB,Nit,JTs,1.5458126508895143
SB,BB,Nit,K4o,1.5458126508895138
SB,BB,Nit,K6s,1.5337640766056604
SB,BB,Nit,K8o,1.5458126508895143
SB,BB,Nit,K7o,1.5337640766056604
SB,BB,Nit,J9o,1.5458126508895143
SB,BB,Nit,J8s,1.536444884383818
SB,BB,Nit,JTo,1.5458126508895143
SB,BB,Nit,K4s,1.5337640766056604
SB,BB,Nit,K2s,1.5337640766056604
SB,BB,Nit,K6o,1.5337640766056604
SB,BB,Nit,J9s,1.5422583214757772
SB,BB,Nit,K3s,1.5523490024385047
SB,BB,Nit,A3o,1.5524393667456335
SB,BB,Nit,Q6s,1.5096669280379535
SB,BB,Nit,QJo,1.5096669280379535
SB,BB,Nit,33,1.549005523074735
SB,BB,Nit,Q3s,1.529938654270537
SB,BB,Nit,J7s,1.521715502321807
SB,BB,Nit,Q6o,1.5096669280379535
SB,BB,Nit,Q7s,1.5096669280379535
SB,BB,Nit,J5s,1.521715502321807
SB,BB,Nit,J6s,1.521715502321807
SB,BB,Nit,T9o,1.5458126508895143
SB,BB,Nit,Q7o,1.5096669280379535
SB,BB,Nit,A2o,1.5458126508895143
SB,BB,Nit,K5o,1.5337640766056604
SB,BB,Nit,K3o,1.5530719168955358
SB,BB,Nit,Q8o,1.521715502321807
SB,BB,Nit,T7s,1.521715502321807
SB,BB,Nit,J8o,1.5337640766056608
SB,BB,Nit,97s,1.52063113063626
SB,BB,Nit,T8s,1.5447282792039674
SB,BB,Nit,Q4s,1.5096669280379535
SB,BB,Nit,J4s,1.521715502321807
SB,BB,Nit,J3s,1.5412643140973594
SB,BB,Nit,96s,1.5207516163790986
SB,BB,Nit,J7o,1.521715502321807
SB,BB,Nit,Q5o,1.5096669280379535
SB,BB,Nit,J4o,1.5458126508895138
SB,BB,Nit,98s,1.5357520913624967
SB,BB,Nit,T9s,1.529938654270537
SB,BB,Nit,K2o,1.5458126508895143
SB,BB,Nit,Q4o,1.5337640766056604
SB,BB,Nit,22,1.55271045966702
SB,BB,Nit,98o,1.5327399477915333
SB,BB,Nit,Q2s,1.5096669280379535
SB,BB,Nit,T8o,1.5337640766056608
SB,BB,Nit,Q3o,1.529938654270537
SB,BB,Nit,J6o,1.521715502321807
SB,BB,Nit,J5o,1.521715502321807
SB,BB,Nit,J2s,1.521715502321807
SB,BB,Nit,T4s,1.521715502321807
SB,BB,Nit,T3s,1.5413546784044883
SB,BB,Nit,97o,1.521128134325469
SB,BB,Nit,87s,1.5243963100999647
SB,BB,Nit,96o,1.5211733164790335
SB,BB,Nit,T4o,1.5458126508895138
SB,BB,Nit,T5s,1.521715502321807
SB,BB,Nit,T6s,1.521715502321807
SB,BB,Nit,85s,1.5243661886642548
SB,BB,Nit,J3o,1.5414149212759076
SB,BB,Nit,76s,1.5096669280379535
SB,BB,Nit,95s,1.5213389843754366
SB,BB,Nit,T7o,1.521715502321807
SB,BB,Nit,T2s,1.521715502321807
SB,BB,Nit,T5o,1.521715502321807
SB,BB,Nit,93s,1.5476801799035114
SB,BB,Nit,95o,1.5207365556612438
SB,BB,Nit,75s,1.5096669280379535
SB,BB,Nit,Q2o,1.521715502321807
SB,BB,Nit,87o,1.5248782530713185
SB,BB,Nit,86s,1.5240649743071586
SB,BB,Nit,94s,1.5208871628397922
SB,BB,Nit,85o,1.5241252171785777
SB,BB,Nit,92s,1.5293061041206348
SB,BB,Nit,T3o,1.541053464047392
SB,BB,Nit,86o,1.524185460049997
SB,BB,Nit,T6o,1.521715502321807
SB,BB,Nit,93o,1.5482524871819943
SB,BB,Nit,J2o,1.5337640766056608
SB,BB,Nit,65s,1.530089261449085
SB,BB,Nit,76o,1.5096669280379535
SB,BB,Nit,74s,1.5096669280379535
SB,BB,Nit,73s,1.5296374399134407
SB,BB,Nit,83s,1.5243661886642548
SB,BB,Nit,84o,1.5421378357329385
SB,BB,Nit,T2o,1.5337640766056608
SB,BB,Nit,84s,1.5300290185776657
SB,BB,Nit,54s,1.5096669280379535
SB,BB,Nit,53s,1.5536743456097284
SB,BB,Nit,75o,1.5096669280379535
SB,BB,Nit,64s,1.5096669280379535
SB,BB,Nit,92o,1.5245318565606578
SB,BB,Nit,82s,1.524607160149932
SB,BB,Nit,74o,1.5337640766056604
SB,BB,Nit,64o,1.5337640766056604
SB,BB,Nit,43s,1.5299988971419562
SB,BB,Nit,82o,1.536143670026722
SB,BB,Nit,94o,1.544833704228951
SB,BB,Nit,65o,1.5298784113991177
SB,BB,Nit,73o,1.5300290185776657
SB,BB,Nit,72s,1.5096669280379535
SB,BB,Nit,63s,1.5294567112991828
SB,BB,Nit,53o,1.5542466528882113
SB,BB,Nit,32s,1.5299687757062468
SB,BB,Nit,83o,1.5242457029214165
SB,BB,Nit,62s,1.5096669280379535
SB,BB,Nit,42s,1.5096669280379535
SB,BB,Nit,52s,1.5096669280379535
SB,BB,Nit,62o,1.521715502321807
SB,BB,Nit,72o,1.521715502321807
SB,BB,Nit,54o,1.5337640766056604
SB,BB,Nit,63o,1.5293061041206348
SB,BB,Nit,32o,1.5418064999401329
SB,BB,Nit,52o,1.521715502321807
SB,BB,Nit,42o,1.521715502321807
SB,BB,Nit,43o,1.5300290185776657
SB,BB,TAG,AA,1.69384857793398
SB,BB,TAG,KK,1.6227993929238547
SB,BB,TAG,QQ,1.5817023153199583
SB,BB,TAG,JJ,1.6255553502281688
SB,BB,TAG,TT,1.6147738029717305
SB,BB,TAG,99,1.6049008130683626
SB,BB,TAG,88,1.6380328712103394
SB,BB,TAG,AKs,1.6291290091502468
SB,BB,TAG,77,1.583882852967328
SB,BB,TAG,AKo,1.6049008130683626
SB,BB,TAG,AJo,1.6049008130683626
SB,BB,TAG,AQo,1.6049008130683626
SB,BB,TAG,AQs,1.6049008130683626
SB,BB,TAG,A9o,1.6638661852826484
SB,BB,TAG,A7o,1.6049008130683626
SB,BB,TAG,KJs,1.6291290091502468
SB,BB,TAG,QJs,1.5806726169864784
SB,BB,TAG,A7s,1.6049008130683626
SB,BB,TAG,A9s,1.6358523335629698
SB,BB,TAG,KTo,1.6049008130683626
SB,BB,TAG,A8o,1.6049008130683626
SB,BB,TAG,AJs,1.6291290091502468
SB,BB,TAG,ATs,1.6291290091502468
SB,BB,TAG,K9s,1.6275541764049244
SB,BB,TAG,55,1.556444420904594
SB,BB,TAG,66,1.5846702693399892
SB,BB,TAG,KQs,1.6049008130683626
SB,BB,TAG,A8s,1.6291290091502468
SB,BB,TAG,ATo,1.6049008130683626
SB,BB,TAG,A5s,1.644998477583881
SB,BB,TAG,QTs,1.5806726169864784
SB,BB,TAG,K8s,1.6291290091502468
SB,BB,TAG,KTs,1.6291290091502468
SB,BB,TAG,A4s,1.6049008130683626
SB,BB,TAG,KJo,1.6049008130683626
SB,BB,TAG,K5s,1.6049008130683626
SB,BB,TAG,A6s,1.6049008130683626
SB,BB,TAG,K9o,1.639032284298717
SB,BB,TAG,A3s,1.6461493168977706
SB,BB,TAG,44,1.6151977964031634
SB,BB,TAG,KQo,1.6049008130683626
SB,BB,TAG,K7s,1.6049008130683626
SB,BB,TAG,Q8s,1.5806726169864784
SB,BB,TAG,A5o,1.6452407595447
SB,BB,TAG,Q5s,1.556444420904594
SB,BB,TAG,A4o,1.6291290091502468
SB,BB,TAG,Q9o,1.626645619051854
SB,BB,TAG,QTo,1.556444420904594
SB,BB,TAG,Q9s,1.5852759742420364
SB,BB,TAG,A6o,1.6049008130683626
SB,BB,TAG,A2s,1.6049008130683626
SB,BB,TAG,JTs,1.6291290091502468
SB,BB,TAG,K4o,1.6291290091502468
SB,BB,TAG,K6s,1.6049008130683626
SB,BB,TAG,K8o,1.6291290091502468
SB,BB,TAG,K7o,1.6049008130683626
SB,BB,TAG,J9o,1.6291290091502468
SB,BB,TAG,J8s,1.6049008130683626
SB,BB,TAG,JTo,1.6291290091502468
SB,BB,TAG,K4s,1.6049008130683626
SB,BB,TAG,K2s,1.6049008130683626
SB,BB,TAG,K6o,1.6049008130683626
SB,BB,TAG,J9s,1.6239199469926415
SB,BB,TAG,K3s,1.6451801890544953
SB,BB,TAG,A3o,1.6459676054271564
SB,BB,TAG,Q6s,1.556444420904594
SB,BB,TAG,QJo,1.556444420904594
SB,BB,TAG,33,1.6422122350344643
SB,BB,TAG,Q3s,1.5961786624788843
SB,BB,TAG,J7s,1.5806726169864784
SB,BB,TAG,Q6o,1.556444420904594
SB,BB,TAG,Q7s,1.556444420904594
SB,BB,TAG,J5s,1.5806726169864784
SB,BB,TAG,J6s,1.5806726169864784
SB,BB,TAG,T9o,1.6291290091502468
SB,BB,TAG,Q7o,1.556444420904594
SB,BB,TAG,A2o,1.6291290091502468
SB,BB,TAG,K5o,1.6049008130683626
SB,BB,TAG,K3o,1.6452407595447
SB,BB,TAG,Q8o,1.5806726169864784
SB,BB,TAG,T7s,1.5806726169864784
SB,BB,TAG,J8o,1.6049008130683626
SB,BB,TAG,97s,1.5762509712015345
SB,BB,TAG,T8s,1.6199222946391307
SB,BB,TAG,Q4s,1.556444420904594
SB,BB,TAG,J4s,1.5806726169864784
SB,BB,TAG,J3s,1.6220422617962955
SB,BB,TAG,96s,1.576735535123172
SB,BB,TAG,J7o,1.5806726169864784
SB,BB,TAG,Q5o,1.556444420904594
SB,BB,TAG,J4o,1.6291290091502468
SB,BB,TAG,98s,1.6036591180191662
SB,BB,TAG,T9s,1.5965420854201124
SB,BB,TAG,K2o,1.6291290091502468
SB,BB,TAG,Q4o,1.6049008130683626
SB,BB,TAG,22,1.6461493168977706
SB,BB,TAG,98o,1.6039013999799847
SB,BB,TAG,Q2s,1.556444420904594
SB,BB,TAG,T8o,1.6049008130683626
SB,BB,TAG,Q3o,1.5974506427731832
SB,BB,TAG,J6o,1.5806726169864784
SB,BB,TAG,J5o,1.5806726169864784
SB,BB,TAG,J2s,1.5806726169864784
SB,BB,TAG,T4s,1.5806726169864784
SB,BB,TAG,T3s,1.6223451142473193
SB,BB,TAG,97o,1.5778258039468567
SB,BB,TAG,87s,1.5806726169864784
SB,BB,TAG,96o,1.579370351447077
SB,BB,TAG,T4o,1.6291290091502468
SB,BB,TAG,T5s,1.5806726169864784
SB,BB,TAG,T6s,1.5806726169864784
SB,BB,TAG,85s,1.5806726169864784
SB,BB,TAG,J3o,1.6208308519922012
SB,BB,TAG,76s,1.556444420904594
SB,BB,TAG,95s,1.5775532367409355
SB,BB,TAG,T7o,1.5806726169864784
SB,BB,TAG,T2s,1.5806726169864784
SB,BB,TAG,T5o,1.5806726169864784
SB,BB,TAG,93s,1.6390928547889219
SB,BB,TAG,95o,1.5762812564466369
SB,BB,TAG,75s,1.556444420904594
SB,BB,TAG,Q2o,1.5806726169864784
SB,BB,TAG,87o,1.5806726169864784
SB,BB,TAG,86s,1.5806726169864784
SB,BB,TAG,94s,1.5782800826233923
SB,BB,TAG,85o,1.5806726169864784
SB,BB,TAG,92s,1.598631767332175
SB,BB,TAG,T3o,1.6227085371885475
SB,BB,TAG,86o,1.5806726169864784
SB,BB,TAG,T6o,1.5806726169864784
SB,BB,TAG,93o,1.6379420154750324
SB,BB,TAG,J2o,1.6049008130683626
SB,BB,TAG,65s,1.598116918165435
SB,BB,TAG,76o,1.556444420904594
SB,BB,TAG,74s,1.556444420904594
SB,BB,TAG,73s,1.5978140657144113
SB,BB,TAG,83s,1.5806726169864784
SB,BB,TAG,84o,1.6168937701288952
SB,BB,TAG,T2o,1.6049008130683626
SB,BB,TAG,84s,1.5927261445372158
SB,BB,TAG,54s,1.556444420904594
SB,BB,TAG,53s,1.6468761627802273
SB,BB,TAG,75o,1.556444420904594
SB,BB,TAG,64s,1.556444420904594
SB,BB,TAG,92o,1.5859422496342883
SB,BB,TAG,82s,1.5806726169864784
SB,BB,TAG,74o,1.6049008130683626
SB,BB,TAG,64o,1.6049008130683626
SB,BB,TAG,43s,1.5984197706164585
SB,BB,TAG,82o,1.6049008130683626
SB,BB,TAG,94o,1.627947884591255
SB,BB,TAG,65o,1.5962998034592937
SB,BB,TAG,73o,1.598116918165435
SB,BB,TAG,72s,1.556444420904594
SB,BB,TAG,63s,1.598116918165435
SB,BB,TAG,53o,1.6461493168977706
SB,BB,TAG,32s,1.598298629636049
SB,BB,TAG,83o,1.5806726169864784
SB,BB,TAG,62s,1.556444420904594
SB,BB,TAG,42s,1.556444420904594
SB,BB,TAG,52s,1.556444420904594
SB,BB,TAG,62o,1.5806726169864784
SB,BB,TAG,72o,1.5806726169864784
SB,BB,TAG,54o,1.6049008130683626
SB,BB,TAG,63o,1.5973295017927738
SB,BB,TAG,32o,1.6226479666983427
SB,BB,TAG,52o,1.5806726169864784
SB,BB,TAG,42o,1.5806726169864784
SB,BB,TAG,43o,1.5978140657144113
SB,BB,LAG,AA,2.019681991953221
SB,BB,LAG,KK,1.8384222714463034
SB,BB,LAG,QQ,1.752132674770654
SB,BB,LAG,JJ,1.8144433895015764
SB,BB,LAG,TT,1.776197502528803
SB,BB,LAG,99,1.7688921083879363
SB,BB,LAG,88,1.8332655226409862
SB,BB,LAG,AKs,1.7770569606630229
SB,BB,LAG,77,1.7679467044402948
SB,BB,LAG,AKo,1.779033714371728
SB,BB,LAG,AJo,1.7225673149534988
SB,BB,LAG,AQo,1.756258073814908
SB,BB,LAG,AQs,1.7547969949867348
SB,BB,LAG,A9o,1.8967794787598156
SB,BB,LAG,A7o,1.747319709219024
SB,BB,LAG,KJs,1.7770569606630229
SB,BB,LAG,QJs,1.6395436591878838
SB,BB,LAG,A7s,1.747835384099556
SB,BB,LAG,A9s,1.9191253902495256
SB,BB,LAG,KTo,1.708300309925453
SB,BB,LAG,A8o,1.708300309925453
SB,BB,LAG,AJs,1.7838466799233579
SB,BB,LAG,ATs,1.7770569606630229
SB,BB,LAG,K9s,1.8647216903534236
SB,BB,LAG,55,1.5707870084503144
SB,BB,LAG,66,1.686985748196807
SB,BB,LAG,KQs,1.708300309925453
SB,BB,LAG,A8s,1.7770569606630229
SB,BB,LAG,ATo,1.708300309925453
SB,BB,LAG,A5s,1.8211471629484892
SB,BB,LAG,QTs,1.6395436591878838
SB,BB,LAG,K8s,1.8422038872368702
SB,BB,LAG,KTs,1.7770569606630229
SB,BB,LAG,A4s,1.708300309925453
SB,BB,LAG,KJo,1.708300309925453
SB,BB,LAG,K5s,1.708300309925453
SB,BB,LAG,A6s,1.708300309925453
SB,BB,LAG,K9o,1.8361876802973327
SB,BB,LAG,A3s,1.8159904141431715
SB,BB,LAG,44,1.7994028721527329
SB,BB,LAG,KQo,1.708300309925453
SB,BB,LAG,K7s,1.708300309925453
SB,BB,LAG,Q8s,1.709331659686517
SB,BB,LAG,A5o,1.8249287787390553
SB,BB,LAG,Q5s,1.5707870084503144
SB,BB,LAG,A4o,1.7770569606630229
SB,BB,LAG,Q9o,1.7957931479890104
SB,BB,LAG,QTo,1.5707870084503144
SB,BB,LAG,Q9s,1.7416472855331744
SB,BB,LAG,A6o,1.708300309925453
SB,BB,LAG,A2s,1.708300309925453
SB,BB,LAG,JTs,1.7770569606630229
SB,BB,LAG,K4o,1.7770569606630229
SB,BB,LAG,K6s,1.708300309925453
SB,BB,LAG,K8o,1.7770569606630229
SB,BB,LAG,K7o,1.708300309925453
SB,BB,LAG,J9o,1.7770569606630229
SB,BB,LAG,J8s,1.7782602020509302
SB,BB,LAG,JTo,1.7770569606630229
SB,BB,LAG,K4s,1.708300309925453
SB,BB,LAG,K2s,1.708300309925453
SB,BB,LAG,K6o,1.708300309925453
SB,BB,LAG,J9s,1.7713845369771732
SB,BB,LAG,K3s,1.812294744166027
SB,BB,LAG,A3o,1.8164201432102811
SB,BB,LAG,Q6s,1.5707870084503144
SB,BB,LAG,QJo,1.5707870084503144
SB,BB,LAG,33,1.8330936310141421
SB,BB,LAG,Q3s,1.6783911668546105
SB,BB,LAG,J7s,1.6395436591878838
SB,BB,LAG,Q6o,1.5707870084503144
SB,BB,LAG,Q7s,1.5707870084503144
SB,BB,LAG,J5s,1.6395436591878838
SB,BB,LAG,J6s,1.6395436591878838
SB,BB,LAG,T9o,1.7770569606630229
SB,BB,LAG,Q7o,1.5707870084503144
SB,BB,LAG,A2o,1.7770569606630229
SB,BB,LAG,K5o,1.708300309925453
SB,BB,LAG,K3o,1.812294744166027
SB,BB,LAG,Q8o,1.6395436591878838
SB,BB,LAG,T7s,1.6395436591878838
SB,BB,LAG,J8o,1.708300309925453
SB,BB,LAG,97s,1.7218797484461235
SB,BB,LAG,T8s,1.8128104190465593
SB,BB,LAG,Q4s,1.5707870084503144
SB,BB,LAG,J4s,1.6395436591878838
SB,BB,LAG,J3s,1.7495543003679952
SB,BB,LAG,96s,1.7217078568192796
SB,BB,LAG,J7o,1.6395436591878838
SB,BB,LAG,Q5o,1.5707870084503144
SB,BB,LAG,J4o,1.7770569606630229
SB,BB,LAG,98s,1.861885478510499
SB,BB,LAG,T9s,1.7321932460567588
SB,BB,LAG,K2o,1.7770569606630229
SB,BB,LAG,Q4o,1.7083003099254537
SB,BB,LAG,22,1.8681595228903027
SB,BB,LAG,98o,1.791925586385022
SB,BB,LAG,Q2s,1.5707870084503144
SB,BB,LAG,T8o,1.708300309925453
SB,BB,LAG,Q3o,1.6728906347956052
SB,BB,LAG,J6o,1.6395436591878838
SB,BB,LAG,J5o,1.6395436591878838
SB,BB,LAG,J2s,1.6395436591878838
SB,BB,LAG,T4s,1.6395436591878838
SB,BB,LAG,T3s,1.7452570096968971
SB,BB,LAG,97o,1.716551108013962
SB,BB,LAG,87s,1.7081284182986096
SB,BB,LAG,96o,1.7289273051467238
SB,BB,LAG,T4o,1.7770569606630229
SB,BB,LAG,T5s,1.6395436591878838
SB,BB,LAG,T6s,1.6395436591878838
SB,BB,LAG,85s,1.7108786843281123
SB,BB,LAG,J3o,1.7442256599358335
SB,BB,LAG,76s,1.5707870084503144
SB,BB,LAG,95s,1.7255754184232674
SB,BB,LAG,T7o,1.6395436591878838
SB,BB,LAG,T2s,1.6395436591878838
SB,BB,LAG,T5o,1.6395436591878838
SB,BB,LAG,93s,1.862315207577609
SB,BB,LAG,95o,1.7196451572971523
SB,BB,LAG,75s,1.5707870084503144
SB,BB,LAG,Q2o,1.6395436591878838
SB,BB,LAG,87o,1.709503551313361
SB,BB,LAG,86s,1.7187856991629331
SB,BB,LAG,94s,1.7285835218930365
SB,BB,LAG,85o,1.7127694922233954
SB,BB,LAG,92s,1.7574613152028153
SB,BB,LAG,T3o,1.7443975515626775
SB,BB,LAG,86o,1.7107067927012682
SB,BB,LAG,T6o,1.6395436591878838
SB,BB,LAG,93o,1.8646357445400021
SB,BB,LAG,J2o,1.708300309925453
SB,BB,LAG,65s,1.6883608812115583
SB,BB,LAG,76o,1.5707870084503144
SB,BB,LAG,74s,1.5707870084503144
SB,BB,LAG,73s,1.6799381914962062
SB,BB,LAG,83s,1.708987876432829
SB,BB,LAG,84o,1.8040439460775193
SB,BB,LAG,T2o,1.708300309925453
SB,BB,LAG,84s,1.7380375613694519
SB,BB,LAG,54s,1.5707870084503144
SB,BB,LAG,53s,1.8167639264639692
SB,BB,LAG,75o,1.5707870084503144
SB,BB,LAG,64s,1.6428096000979184
SB,BB,LAG,92o,1.7007370783443208
SB,BB,LAG,82s,1.7110505759549561
SB,BB,LAG,74o,1.7083003099254537
SB,BB,LAG,64o,1.7083003099254537
SB,BB,LAG,43s,1.6952365462853152
SB,BB,LAG,82o,1.776541285782491
SB,BB,LAG,94o,1.863260611525251
SB,BB,LAG,65o,1.686985748196807
SB,BB,LAG,73o,1.6756409008251076
SB,BB,LAG,72s,1.5707870084503144
SB,BB,LAG,63s,1.6761565757056396
SB,BB,LAG,53o,1.8140136604344663
SB,BB,LAG,32s,1.6923143886289687
SB,BB,LAG,83o,1.7098473345670488
SB,BB,LAG,62s,1.6445285163663577
SB,BB,LAG,42s,1.6400593340684158
SB,BB,LAG,52s,1.5707870084503144
SB,BB,LAG,62o,1.7134570587307707
SB,BB,LAG,72o,1.6395436591878838
SB,BB,LAG,54o,1.7083003099254537
SB,BB,LAG,63o,1.6806257580035817
SB,BB,LAG,32o,1.759180231471255
SB,BB,LAG,52o,1.6395436591878838
SB,BB,LAG,42o,1.7124257089697075
SB,BB,LAG,43o,1.6959241127926907
SB,BB,Loose-passive,AA,2.212072182682111
SB,BB,Loose-passive,KK,1.9945878060941054
SB,BB,Loose-passive,QQ,1.8947867531720028
SB,BB,Loose-passive,JJ,1.9700121714406145
SB,BB,Loose-passive,TT,1.9298519879824714
SB,BB,Loose-passive,99,1.950231782573171
SB,BB,Loose-passive,88,2.0002821604650363
SB,BB,Loose-passive,AKs,1.9373445595231695
SB,BB,Loose-passive,77,1.9241576336115405
SB,BB,Loose-passive,AKo,1.9465354472797596
SB,BB,Loose-passive,AJo,1.8864949740002963
SB,BB,Loose-passive,AQo,1.9282535727204555
SB,BB,Loose-passive,AQs,1.9284533746282075
SB,BB,Loose-passive,A9o,2.099383906710007
SB,BB,Loose-passive,A7o,1.9151665477627022
SB,BB,Loose-passive,KJs,1.9373445595231695
SB,BB,Loose-passive,QJs,1.7775030333216035
SB,BB,Loose-passive,A7s,1.9187629821022376
SB,BB,Loose-passive,A9s,2.132151419581328
SB,BB,Loose-passive,KTo,1.8574237964223865
SB,BB,Loose-passive,A8o,1.8574237964223865
SB,BB,Loose-passive,AJs,1.9397421824161931
SB,BB,Loose-passive,ATs,1.9373445595231695
SB,BB,Loose-passive,K9s,2.0537291707886847
SB,BB,Loose-passive,55,1.6975822702208205
SB,BB,Loose-passive,66,1.8332477655843997
SB,BB,Loose-passive,KQs,1.8574237964223865
SB,BB,Loose-passive,A8s,1.9373445595231695
SB,BB,Loose-passive,ATo,1.8574237964223865
SB,BB,Loose-passive,A5s,1.9863959278762753
SB,BB,Loose-passive,QTs,1.7775030333216035
SB,BB,Loose-passive,K8s,2.0190635397937204
SB,BB,Loose-passive,KTs,1.9373445595231695
SB,BB,Loose-passive,A4s,1.8574237964223865
SB,BB,Loose-passive,KJo,1.863917358424325
SB,BB,Loose-passive,K5s,1.8574237964223865
SB,BB,Loose-passive,A6s,1.8574237964223865
SB,BB,Loose-passive,K9o,2.0216609645944956
SB,BB,Loose-passive,A3s,1.9793029601510808
SB,BB,Loose-passive,44,1.959122967468133
SB,BB,Loose-passive,KQo,1.8574237964223865
SB,BB,Loose-passive,K7s,1.8574237964223865
SB,BB,Loose-passive,Q8s,1.8632180517471932
SB,BB,Loose-passive,A5o,1.9857965221530194
SB,BB,Loose-passive,Q5s,1.6975822702208205
SB,BB,Loose-passive,A4o,1.9373445595231695
SB,BB,Loose-passive,Q9o,1.9659162323316994
SB,BB,Loose-passive,QTo,1.6975822702208205
SB,BB,Loose-passive,Q9s,1.908173480991384
SB,BB,Loose-passive,A6o,1.8574237964223865
SB,BB,Loose-passive,A2s,1.8574237964223865
SB,BB,Loose-passive,JTs,1.9373445595231695
SB,BB,Loose-passive,K4o,1.9373445595231695
SB,BB,Loose-passive,K6s,1.8574237964223865
SB,BB,Loose-passive,K8o,1.9373445595231695
SB,BB,Loose-passive,K7o,1.8574237964223865
SB,BB,Loose-passive,J9o,1.9373445595231695
SB,BB,Loose-passive,J8s,1.9371447576154177
SB,BB,Loose-passive,JTo,1.9373445595231695
SB,BB,Loose-passive,K4s,1.8574237964223865
SB,BB,Loose-passive,K2s,1.8574237964223865
SB,BB,Loose-passive,K6o,1.8574237964223865
SB,BB,Loose-passive,J9s,1.931949908013867
SB,BB,Loose-passive,K3s,1.978903356335577
SB,BB,Loose-passive,A3o,1.9791031582433287
SB,BB,Loose-passive,Q6s,1.6975822702208205
SB,BB,Loose-passive,QJo,1.6975822702208205
SB,BB,Loose-passive,33,2.001281170003796
SB,BB,Loose-passive,Q3s,1.8186622263185068
SB,BB,Loose-passive,J7s,1.7775030333216035
SB,BB,Loose-passive,Q6o,1.6975822702208205
SB,BB,Loose-passive,Q7s,1.6975822702208205
SB,BB,Loose-passive,J5s,1.7775030333216035
SB,BB,Loose-passive,J6s,1.7775030333216035
SB,BB,Loose-passive,T9o,1.9373445595231695
SB,BB,Loose-passive,Q7o,1.6975822702208205
SB,BB,Loose-passive,A2o,1.9373445595231695
SB,BB,Loose-passive,K5o,1.8574237964223865
SB,BB,Loose-passive,K3o,1.9785037525200728
SB,BB,Loose-passive,Q8o,1.7775030333216035
SB,BB,Loose-passive,T7s,1.7775030333216035
SB,BB,Loose-passive,J8o,1.8574237964223865
SB,BB,Loose-passive,97s,1.8852961625537847
SB,BB,Loose-passive,T8s,1.9803019696898405
SB,BB,Loose-passive,Q4s,1.6975822702208205
SB,BB,Loose-passive,J4s,1.7775030333216035
SB,BB,Loose-passive,J3s,1.8997818008658018
SB,BB,Loose-passive,96s,1.8893921016626998
SB,BB,Loose-passive,J7o,1.7775030333216035
SB,BB,Loose-passive,Q5o,1.6975822702208205
SB,BB,Loose-passive,J4o,1.9373445595231695
SB,BB,Loose-passive,98s,2.0509319440801574
SB,BB,Loose-passive,T9s,1.8808006196293656
SB,BB,Loose-passive,K2o,1.9373445595231695
SB,BB,Loose-passive,Q4o,1.8574237964223865
SB,BB,Loose-passive,22,2.038644126753412
SB,BB,Loose-passive,98o,1.9788034553817007
SB,BB,Loose-passive,Q2s,1.6975822702208205
SB,BB,Loose-passive,T8o,1.8574237964223865
SB,BB,Loose-passive,Q3o,1.8198610377650184
SB,BB,Loose-passive,J6o,1.7775030333216035
SB,BB,Loose-passive,J5o,1.7775030333216035
SB,BB,Loose-passive,J2s,1.7775030333216035
SB,BB,Loose-passive,T4s,1.7775030333216035
SB,BB,Loose-passive,T3s,1.8997818008658018
SB,BB,Loose-passive,97o,1.888193290216188
SB,BB,Loose-passive,87s,1.8570241926068827
SB,BB,Loose-passive,96o,1.88839309212394
SB,BB,Loose-passive,T4o,1.9373445595231695
SB,BB,Loose-passive,T5s,1.7775030333216035
SB,BB,Loose-passive,T6s,1.7775030333216035
SB,BB,Loose-passive,85s,1.8628184479316892
SB,BB,Loose-passive,J3o,1.8965849703417703
SB,BB,Loose-passive,76s,1.6975822702208205
SB,BB,Loose-passive,95s,1.8998817018196774
SB,BB,Loose-passive,T7o,1.7775030333216035
SB,BB,Loose-passive,T2s,1.7775030333216035
SB,BB,Loose-passive,T5o,1.7775030333216035
SB,BB,Loose-passive,93s,2.052030854572793
SB,BB,Loose-passive,95o,1.9004811075429335
SB,BB,Loose-passive,75s,1.6975822702208205
SB,BB,Loose-passive,Q2o,1.7775030333216035
SB,BB,Loose-passive,87o,1.8580232021456424
SB,BB,Loose-passive,86s,1.8584228059611465
SB,BB,Loose-passive,94s,1.8962852674801425
SB,BB,Loose-passive,85o,1.8572239945146345
SB,BB,Loose-passive,92s,1.9302515917979752
SB,BB,Loose-passive,T3o,1.8967847722495221
SB,BB,Loose-passive,86o,1.859621617407658
SB,BB,Loose-passive,T6o,1.7775030333216035
SB,BB,Loose-passive,93o,2.048834024048762
SB,BB,Loose-passive,J2o,1.8574237964223865
SB,BB,Loose-passive,65s,1.8340469732154077
SB,BB,Loose-passive,76o,1.6975822702208205
SB,BB,Loose-passive,74s,1.6975822702208205
SB,BB,Loose-passive,73s,1.8202606415805225
SB,BB,Loose-passive,83s,1.8568243906991306
SB,BB,Loose-passive,84o,1.9771051391658092
SB,BB,Loose-passive,T2o,1.8574237964223865
SB,BB,Loose-passive,84s,1.8917897245557234
SB,BB,Loose-passive,54s,1.6975822702208205
SB,BB,Loose-passive,53s,1.981900384951856
SB,BB,Loose-passive,75o,1.6975822702208205
SB,BB,Loose-passive,64s,1.7781024390448594
SB,BB,Loose-passive,92o,1.8674138918099843
SB,BB,Loose-passive,82s,1.8548263716216111
SB,BB,Loose-passive,74o,1.8574237964223865
SB,BB,Loose-passive,64o,1.8574237964223865
SB,BB,Loose-passive,43s,1.8412398418944782
SB,BB,Loose-passive,82o,1.9409409938627047
SB,BB,Loose-passive,94o,2.0557271898662046
SB,BB,Loose-passive,65o,1.8360449922929272
SB,BB,Loose-passive,73o,1.8212596511192825
SB,BB,Loose-passive,72s,1.6975822702208205
SB,BB,Loose-passive,63s,1.8168640091487394
SB,BB,Loose-passive,53o,1.9830991963983677
SB,BB,Loose-passive,32s,1.8376434075549428
SB,BB,Loose-passive,83o,1.8598214193154101
SB,BB,Loose-passive,62s,1.7826978829231546
SB,BB,Loose-passive,42s,1.7743062027975725
SB,BB,Loose-passive,52s,1.6975822702208205
SB,BB,Loose-passive,62o,1.859621617407658
SB,BB,Loose-passive,72o,1.7775030333216035
SB,BB,Loose-passive,54o,1.8574237964223865
SB,BB,Loose-passive,63o,1.8216592549347863
SB,BB,Loose-passive,32o,1.9117699153309191
SB,BB,Loose-passive,52o,1.7775030333216035
SB,BB,Loose-passive,42o,1.855225975437115
SB,BB,Loose-passive,43o,1.842039049525486
SB,BB,Station,AA,3.005063962168974
SB,BB,Station,KK,2.6196483922777913
SB,BB,Station,QQ,2.4391598592177863
SB,BB,Station,JJ,2.5840089076115
SB,BB,Station,TT,2.536404738807239
SB,BB,Station,99,2.408102594008589
SB,BB,Station,88,2.530804248359679
SB,BB,Station,AKs,2.3887554451897453
SB,BB,Station,77,2.4126848134656838
SB,BB,Station,AKo,2.4358504784987733
SB,BB,Station,AJo,2.289728591366978
SB,BB,Station,AQo,2.406829755270507
SB,BB,Station,AQs,2.422358387875106
SB,BB,Station,A9o,2.686090574405664
SB,BB,Station,A7o,2.401483832570564
SB,BB,Station,KJs,2.454943059570001
SB,BB,Station,QJs,1.9946845718796065
SB,BB,Station,A7s,2.4187944394084764
SB,BB,Station,A9s,2.8406131972088
SB,BB,Station,KTo,2.18510124709665
SB,BB,Station,A8o,2.2943108108240726
SB,BB,Station,AJs,2.479126995593556
SB,BB,Station,ATs,2.3887554451897453
SB,BB,Station,K9s,2.604119759673193
SB,BB,Station,55,1.7816113671247058
SB,BB,Station,66,2.1843375438538013
SB,BB,Station,KQs,2.18510124709665
SB,BB,Station,A8s,2.3887554451897453
SB,BB,Station,ATo,2.18510124709665
SB,BB,Station,A5s,2.536913874302472
SB,BB,Station,QTs,1.9814470490035552
SB,BB,Station,K8s,2.696527852057935
SB,BB,Station,KTs,2.388755445189745
SB,BB,Station,A4s,2.18510124709665
SB,BB,Station,KJo,2.2459429387769623
SB,BB,Station,K5s,2.18510124709665
SB,BB,Station,A6s,2.18510124709665
SB,BB,Station,K9o,2.482690944060185
SB,BB,Station,A3s,2.5112025317932187
SB,BB,Station,44,2.5394595517786356
SB,BB,Station,KQo,2.18510124709665
SB,BB,Station,K7s,2.18510124709665
SB,BB,Station,Q8s,2.2640172488577246
SB,BB,Station,A5o,2.536913874302472
SB,BB,Station,Q5s,1.7777928509104604
SB,BB,Station,A4o,2.3887554451897453
SB,BB,Station,Q9o,2.4035203745514946
SB,BB,Station,QTo,1.7777928509104604
SB,BB,Station,Q9s,2.3373327601712384
SB,BB,Station,A6o,2.18510124709665
SB,BB,Station,A2s,2.18510124709665
SB,BB,Station,JTs,2.3760270578089266
SB,BB,Station,K4o,2.3887554451897453
SB,BB,Station,K6s,2.18510124709665
SB,BB,Station,K8o,2.4793815633411724
SB,BB,Station,K7o,2.18510124709665
SB,BB,Station,J9o,2.3887554451897453
SB,BB,Station,J8s,2.4844729182934997
SB,BB,Station,JTo,2.3711902706042154
SB,BB,Station,K4s,2.18510124709665
SB,BB,Station,K2s,2.18510124709665
SB,BB,Station,K6o,2.18510124709665
SB,BB,Station,J9s,2.377554464294625
SB,BB,Station,K3s,2.488800570002978
SB,BB,Station,A3o,2.5000015508980984
SB,BB,Station,Q6s,1.7777928509104604
SB,BB,Station,QJo,1.7945943222531406
SB,BB,Station,33,2.5465874487118936
SB,BB,Station,Q3s,2.0792010640882412
SB,BB,Station,J7s,1.9814470490035552
SB,BB,Station,Q6o,1.7777928509104604
SB,BB,Station,Q7s,1.791539509281744
SB,BB,Station,J5s,1.9814470490035552
SB,BB,Station,J6s,1.9814470490035552
SB,BB,Station,T9o,2.3887554451897453
SB,BB,Station,Q7o,1.7895029673008134
SB,BB,Station,A2o,2.3887554451897453
SB,BB,Station,K5o,2.18510124709665
SB,BB,Station,K3o,2.4972013056743183
SB,BB,Station,Q8o,2.066472676707422
SB,BB,Station,T7s,1.9814470490035552
SB,BB,Station,J8o,2.259180461653014
SB,BB,Station,97s,2.1680452080063533
SB,BB,Station,T8s,2.5526970746546866
SB,BB,Station,Q4s,1.7777928509104604
SB,BB,Station,J4s,1.9814470490035552
SB,BB,Station,J3s,2.282346126686103
SB,BB,Station,96s,2.1604081755778624
SB,BB,Station,J7o,1.9814470490035552
SB,BB,Station,Q5o,1.7777928509104604
SB,BB,Station,J4o,2.3887554451897453
SB,BB,Station,98s,2.6494328187489065
SB,BB,Station,T9s,2.2744545265099956
SB,BB,Station,K2o,2.388755445189745
SB,BB,Station,Q4o,2.18510124709665
SB,BB,Station,22,2.7329310399670756
SB,BB,Station,98o,2.4508699756081396
SB,BB,Station,Q2s,1.7777928509104604
SB,BB,Station,T8o,2.2629989778672592
SB,BB,Station,Q3o,2.0761462511168447
SB,BB,Station,J6o,1.9814470490035552
SB,BB,Station,J5o,1.9814470490035552
SB,BB,Station,J2s,1.9814470490035552
SB,BB,Station,T4s,1.9814470490035552
SB,BB,Station,T3s,2.286419210647965
SB,BB,Station,97o,2.169572614492052
SB,BB,Station,87s,2.274709094257612
SB,BB,Station,96o,2.1507346011684407
SB,BB,Station,T4o,2.3887554451897453
SB,BB,Station,T5s,1.9814470490035552
SB,BB,Station,T6s,1.9814470490035552
SB,BB,Station,85s,2.278782178219474
SB,BB,Station,J3o,2.282855262181336
SB,BB,Station,76s,1.7777928509104604
SB,BB,Station,95s,2.1430975687399494
SB,BB,Station,T7o,1.9814470490035552
SB,BB,Station,T2s,1.9814470490035552
SB,BB,Station,T5o,1.9814470490035552
SB,BB,Station,93s,2.5397141195262516
SB,BB,Station,95o,2.162190149811177
SB,BB,Station,75s,1.7777928509104604
SB,BB,Station,Q2o,1.9814470490035552
SB,BB,Station,87o,2.2721634167814484
SB,BB,Station,86s,2.269108603810052
SB,BB,Station,94s,2.149207194682742
SB,BB,Station,85o,2.269108603810052
SB,BB,Station,92s,2.2418698548151004
SB,BB,Station,T3o,2.2798004492099393
SB,BB,Station,86o,2.2619807068767934
SB,BB,Station,T6o,1.9814470490035552
SB,BB,Station,93o,2.550915100421372
SB,BB,Station,J2o,2.18510124709665
SB,BB,Station,65s,2.153025710896988
SB,BB,Station,76o,1.7777928509104604
SB,BB,Station,74s,1.7777928509104604
SB,BB,Station,73s,2.0705457606692845
SB,BB,Station,83s,2.2701268748005177
SB,BB,Station,84o,2.5394595517786356
SB,BB,Station,T2o,2.18510124709665
SB,BB,Station,84s,2.352097689532988
SB,BB,Station,54s,1.7777928509104604
SB,BB,Station,53s,2.4910916797315257
SB,BB,Station,75o,1.7777928509104604
SB,BB,Station,64s,1.9600633582037803
SB,BB,Station,92o,2.0840378512929516
SB,BB,Station,82s,2.282855262181336
SB,BB,Station,74o,2.18510124709665
SB,BB,Station,64o,2.18510124709665
SB,BB,Station,43s,2.1677906402587372
SB,BB,Station,82o,2.469198853436518
SB,BB,Station,94o,2.563898055549807
SB,BB,Station,65o,2.1611718788207117
SB,BB,Station,73o,2.063417863736026
SB,BB,Station,72s,1.7777928509104604
SB,BB,Station,63s,2.0725823026502153
SB,BB,Station,53o,2.501783525131413
SB,BB,Station,32s,2.163208420801643
SB,BB,Station,83o,2.2640172488577246
SB,BB,Station,62s,1.956499409737151
SB,BB,Station,42s,1.9559902742419182
SB,BB,Station,52s,1.7777928509104604
SB,BB,Station,62o,2.1677906402587372
SB,BB,Station,72o,1.9814470490035552
SB,BB,Station,54o,2.18510124709665
SB,BB,Station,63o,2.075127980126379
SB,BB,Station,32o,2.3622803994376427
SB,BB,Station,52o,1.9814470490035552
SB,BB,Station,42o,2.148443491439893
SB,BB,Station,43o,2.16829977575397
SB,BB,Maniac,AA,2.510081313600274
SB,BB,Maniac,KK,2.2505480087895418
SB,BB,Maniac,QQ,2.1361803324696123
SB,BB,Maniac,JJ,2.24760663133502
SB,BB,Maniac,TT,2.2278821001694045
SB,BB,Maniac,99,2.113514423849475
SB,BB,Maniac,88,2.221999345260361
SB,BB,Maniac,AKs,2.1358342880631978
SB,BB,Maniac,77,2.118013001132861
SB,BB,Maniac,AKo,2.1572890412608854
SB,BB,Maniac,AJo,2.0539947859462138
SB,BB,Maniac,AQo,2.139121709924134
SB,BB,Maniac,AQs,2.1510602419454274
SB,BB,Maniac,A9o,2.3294461334520045
SB,BB,Maniac,A7o,2.131335710779812
SB,BB,Maniac,KJs,2.1498490865229773
SB,BB,Maniac,QJs,1.8617671181830644
SB,BB,Maniac,A7s,2.135142199250369
SB,BB,Maniac,A9s,2.4285878558897043
SB,BB,Maniac,KTo,1.997416525497474
SB,BB,Maniac,A8o,2.066798428983543
SB,BB,Maniac,AJs,2.1865297936028942
SB,BB,Maniac,ATs,2.1358342880631978
SB,BB,Maniac,K9s,2.2636976962332853
SB,BB,Maniac,55,1.7205810003660258
SB,BB,Maniac,66,1.9782110609414796
SB,BB,Maniac,KQs,1.997416525497474
SB,BB,Maniac,A8s,2.1358342880631978
SB,BB,Maniac,ATo,1.997416525497474
SB,BB,Maniac,A5s,2.2502019643831273
SB,BB,Maniac,QTs,1.8589987629317501
SB,BB,Maniac,K8s,2.328061955826347
SB,BB,Maniac,KTs,2.1358342880631978
SB,BB,Maniac,A4s,1.997416525497474
SB,BB,Maniac,KJo,2.018525234288747
SB,BB,Maniac,K5s,1.997416525497474
SB,BB,Maniac,A6s,1.997416525497474
SB,BB,Maniac,K9o,2.192585570715145
SB,BB,Maniac,A3s,2.22632490034054
SB,BB,Maniac,44,2.216808679164146
SB,BB,Maniac,KQo,1.997416525497474
SB,BB,Maniac,K7s,1.997416525497474
SB,BB,Maniac,Q8s,2.032367010545319
SB,BB,Maniac,A5o,2.2425889874420126
SB,BB,Maniac,Q5s,1.7205810003660258
SB,BB,Maniac,A4o,2.1358342880631978
SB,BB,Maniac,Q9o,2.1285673555284976
SB,BB,Maniac,QTo,1.7205810003660258
SB,BB,Maniac,Q9s,2.060742651871293
SB,BB,Maniac,A6o,1.997416525497474
SB,BB,Maniac,A2s,1.997416525497474
SB,BB,Maniac,JTs,2.1183590455392753
SB,BB,Maniac,K4o,2.1358342880631978
SB,BB,Maniac,K6s,1.997416525497474
SB,BB,Maniac,K8o,2.1860107269932727
SB,BB,Maniac,K7o,1.997416525497474
SB,BB,Maniac,J9o,2.1358342880631978
SB,BB,Maniac,J8s,2.153136508383913
SB,BB,Maniac,JTo,2.1171478901168252
SB,BB,Maniac,K4s,1.997416525497474
SB,BB,Maniac,K2s,1.997416525497474
SB,BB,Maniac,K6o,1.997416525497474
SB,BB,Maniac,J9s,2.126837133496426
SB,BB,Maniac,K3s,2.2048701471428527
SB,BB,Maniac,A3o,2.2247677005116757
SB,BB,Maniac,Q6s,1.7205810003660258
SB,BB,Maniac,QJo,1.7247335332429976
SB,BB,Maniac,33,2.2438001428644627
SB,BB,Maniac,Q3s,1.9237090669312256
SB,BB,Maniac,J7s,1.8589987629317501
SB,BB,Maniac,Q6o,1.7205810003660258
SB,BB,Maniac,Q7s,1.7257716664622407
SB,BB,Maniac,J5s,1.8589987629317501
SB,BB,Maniac,J6s,1.8589987629317501
SB,BB,Maniac,T9o,2.1358342880631978
SB,BB,Maniac,Q7o,1.7254256220558262
SB,BB,Maniac,A2o,2.1358342880631978
SB,BB,Maniac,K5o,1.997416525497474
SB,BB,Maniac,K3o,2.2119640574743458
SB,BB,Maniac,Q8o,1.900870136107881
SB,BB,Maniac,T7s,1.8589987629317501
SB,BB,Maniac,J8o,2.033578165967769
SB,BB,Maniac,97s,1.9645423068881147
SB,BB,Maniac,T8s,2.240685743206734
SB,BB,Maniac,Q4s,1.7205810003660258
SB,BB,Maniac,J4s,1.8589987629317501
SB,BB,Maniac,J3s,2.06454914034185
SB,BB,Maniac,96s,1.951738663850785
SB,BB,Maniac,J7o,1.8589987629317501
SB,BB,Maniac,Q5o,1.7205810003660258
SB,BB,Maniac,J4o,2.1358342880631978
SB,BB,Maniac,98s,2.2566037859017922
SB,BB,Maniac,T9s,2.050707364085278
SB,BB,Maniac,K2o,2.135834288063198
SB,BB,Maniac,Q4o,1.9974165254974736
SB,BB,Maniac,22,2.3649156851094713
SB,BB,Maniac,98o,2.131162688576605
SB,BB,Maniac,Q2s,1.7205810003660258
SB,BB,Maniac,T8o,2.0289065664811763
SB,BB,Maniac,Q3o,1.9271695109953688
SB,BB,Maniac,J6o,1.8589987629317501
SB,BB,Maniac,J5o,1.8589987629317501
SB,BB,Maniac,J2s,1.8589987629317501
SB,BB,Maniac,T4s,1.8589987629317501
SB,BB,Maniac,T3s,2.050707364085278
SB,BB,Maniac,97o,1.9590055963854855
SB,BB,Maniac,87s,2.0157568790374323
SB,BB,Maniac,96o,1.9425684870808058
SB,BB,Maniac,T4o,2.1358342880631978
SB,BB,Maniac,T5s,1.8589987629317501
SB,BB,Maniac,T6s,1.8589987629317501
SB,BB,Maniac,85s,2.0209475451336467
SB,BB,Maniac,J3o,2.0628189183097785
SB,BB,Maniac,76s,1.7205810003660258
SB,BB,Maniac,95s,1.93928106521987
SB,BB,Maniac,T7o,1.8589987629317501
SB,BB,Maniac,T2s,1.8589987629317501
SB,BB,Maniac,T5o,1.8589987629317501
SB,BB,Maniac,93s,2.2159435681481106
SB,BB,Maniac,95o,1.950700530631542
SB,BB,Maniac,75s,1.7205810003660258
SB,BB,Maniac,Q2o,1.8589987629317497
SB,BB,Maniac,87o,2.0192173231015755
SB,BB,Maniac,86s,2.009874124128389
SB,BB,Maniac,94s,1.9493163530058848
SB,BB,Maniac,85o,2.0154108346310178
SB,BB,Maniac,92s,2.029425633090798
SB,BB,Maniac,T3o,2.06212682949695
SB,BB,Maniac,86o,2.011950390566875
SB,BB,Maniac,T6o,1.8589987629317501
SB,BB,Maniac,93o,2.2225184118699826
SB,BB,Maniac,J2o,1.997416525497474
SB,BB,Maniac,65s,1.9766538611126154
SB,BB,Maniac,76o,1.7205810003660258
SB,BB,Maniac,74s,1.7205810003660258
SB,BB,Maniac,73s,1.9150579567708679
SB,BB,Maniac,83s,2.018871278695161
SB,BB,Maniac,84o,2.236879254736176
SB,BB,Maniac,T2o,1.997416525497474
SB,BB,Maniac,84s,2.101921936234595
SB,BB,Maniac,54s,1.7205810003660258
SB,BB,Maniac,53s,2.2036589917204026
SB,BB,Maniac,75o,1.7205810003660258
SB,BB,Maniac,64s,1.8558843632740212
SB,BB,Maniac,92o,1.9114244905035178
SB,BB,Maniac,82s,2.012296434973289
SB,BB,Maniac,74o,1.9974165254974736
SB,BB,Maniac,64o,1.9974165254974736
SB,BB,Maniac,43s,1.9839207936473156
SB,BB,Maniac,82o,2.1607494853250278
SB,BB,Maniac,94o,2.2344569438912765
SB,BB,Maniac,65o,1.9752696834869579
SB,BB,Maniac,73o,1.917134223209354
SB,BB,Maniac,72s,1.7205810003660258
SB,BB,Maniac,63s,1.9247472001504686
SB,BB,Maniac,53o,2.2057352581588883
SB,BB,Maniac,32s,1.9752696834869579
SB,BB,Maniac,83o,2.0171410566630894
SB,BB,Maniac,62s,1.8468872087072492
SB,BB,Maniac,42s,1.850347652771392
SB,BB,Maniac,52s,1.7205810003660258
SB,BB,Maniac,62o,1.990841681775602
SB,BB,Maniac,72o,1.8589987629317497
SB,BB,Maniac,54o,1.9974165254974736
SB,BB,Maniac,63o,1.920594667273497
SB,BB,Maniac,32o,2.112995357239853
SB,BB,Maniac,52o,1.8589987629317497
SB,BB,Maniac,42o,1.9901495929627737
SB,BB,Maniac,43o,1.982882660428073
BTN,SB,Nit,AA,1.5138438994220629
BTN,SB,Nit,KK,1.490344849585196
BTN,SB,Nit,QQ,1.4734238416018537
BTN,SB,Nit,JJ,1.4955269082800946
BTN,SB,Nit,TT,1.481884345593525
BTN,SB,Nit,99,1.490344849585196
BTN,SB,Nit,88,1.490344849585196
BTN,SB,Nit,AKs,1.4988053535768673
BTN,SB,Nit,77,1.4734238416018537
BTN,SB,Nit,AKo,1.490344849585196
BTN,SB,Nit,AJo,1.490344849585196
BTN,SB,Nit,AQo,1.490344849585196
BTN,SB,Nit,AQs,1.490344849585196
BTN,SB,Nit,A9o,1.5072658575685385
BTN,SB,Nit,A7o,1.490344849585196
BTN,SB,Nit,KJs,1.4988053535768673
BTN,SB,Nit,QJs,1.481884345593525
BTN,SB,Nit,A7s,1.490344849585196
BTN,SB,Nit,A9s,1.4945962528410108
BTN,SB,Nit,KTo,1.490344849585196
BTN,SB,Nit,A8o,1.490344849585196
BTN,SB,Nit,AJs,1.4988053535768673
BTN,SB,Nit,ATs,1.4988053535768673
BTN,SB,Nit,K9s,1.5001590342155346
BTN,SB,Nit,55,1.4734238416018537
BTN,SB,Nit,66,1.4758139339795007
BTN,SB,Nit,KQs,1.490344849585196
BTN,SB,Nit,A8s,1.4988053535768673
BTN,SB,Nit,ATo,1.490344849585196
BTN,SB,Nit,A5s,1.502231857693494
BTN,SB,Nit,QTs,1.481884345593525
BTN,SB,Nit,K8s,1.4988053535768673
BTN,SB,Nit,KTs,1.4988053535768673
BTN,SB,Nit,A4s,1.490344849585196
BTN,SB,Nit,KJo,1.490344849585196
BTN,SB,Nit,K5s,1.490344849585196
BTN,SB,Nit,A6s,1.490344849585196
BTN,SB,Nit,K9o,1.4988053535768673
BTN,SB,Nit,A3s,1.5014492610742645
BTN,SB,Nit,44,1.490344849585196
BTN,SB,Nit,KQo,1.490344849585196
BTN,SB,Nit,K7s,1.490344849585196
BTN,SB,Nit,Q8s,1.4818843455935247
BTN,SB,Nit,A5o,1.5015550173741605
BTN,SB,Nit,Q5s,1.4734238416018537
BTN,SB,Nit,A4o,1.4988053535768673
BTN,SB,Nit,Q9o,1.490344849585196
BTN,SB,Nit,QTo,1.4734238416018537
BTN,SB,Nit,Q9s,1.4836399001717966
BTN,SB,Nit,A6o,1.490344849585196
BTN,SB,Nit,A2s,1.490344849585196
BTN,SB,Nit,JTs,1.4988053535768673
BTN,SB,Nit,K4o,1.4988053535768673
BTN,SB,Nit,K6s,1.490344849585196
BTN,SB,Nit,K8o,1.4988053535768673
BTN,SB,Nit,K7o,1.490344849585196
BTN,SB,Nit,J9o,1.4988053535768673
BTN,SB,Nit,J8s,1.490344849585196
BTN,SB,Nit,JTo,1.4988053535768673
BTN,SB,Nit,K4s,1.490344849585196
BTN,SB,Nit,K2s,1.490344849585196
BTN,SB,Nit,K6o,1.490344849585196
BTN,SB,Nit,J9s,1.4955269082800946
BTN,SB,Nit,K3s,1.503648992112099
BTN,SB,Nit,A3o,1.502104950133619
BTN,SB,Nit,Q6s,1.4734238416018537
BTN,SB,Nit,QJo,1.4734238416018537
BTN,SB,Nit,33,1.4989745636567007
BTN,SB,Nit,Q3s,1.4866856816087983
BTN,SB,Nit,J7s,1.481884345593525
BTN,SB,Nit,Q6o,1.4734238416018537
BTN,SB,Nit,Q7s,1.4734238416018537
BTN,SB,Nit,J5s,1.481884345593525
BTN,SB,Nit,J6s,1.481884345593525
BTN,SB,Nit,T9o,1.4988053535768673
BTN,SB,Nit,Q7o,1.4734238416018537
BTN,SB,Nit,A2o,1.4988053535768673
BTN,SB,Nit,K5o,1.490344849585196
BTN,SB,Nit,K3o,1.5033317232124113
BTN,SB,Nit,Q8o,1.481884345593525
BTN,SB,Nit,T7s,1.481884345593525
BTN,SB,Nit,J8o,1.4903448495851963
BTN,SB,Nit,97s,1.4831534211922754
BTN,SB,Nit,T8s,1.490344849585196
BTN,SB,Nit,Q4s,1.4734238416018537
BTN,SB,Nit,J4s,1.481884345593525
BTN,SB,Nit,J3s,1.4951673368604486
BTN,SB,Nit,96s,1.4831322699322964
BTN,SB,Nit,J7o,1.481884345593525
BTN,SB,Nit,Q5o,1.4734238416018537
BTN,SB,Nit,J4o,1.4988053535768673
BTN,SB,Nit,98s,1.4914870176240715
BTN,SB,Nit,T9s,1.4920369503835305
BTN,SB,Nit,K2o,1.4988053535768673
BTN,SB,Nit,Q4o,1.490344849585196
BTN,SB,Nit,22,1.4968382863988037
BTN,SB,Nit,98o,1.4916773789638844
BTN,SB,Nit,Q2s,1.4734238416018537
BTN,SB,Nit,T8o,1.4903448495851963
BTN,SB,Nit,Q3o,1.4867068328687774
BTN,SB,Nit,J6o,1.481884345593525
BTN,SB,Nit,J5o,1.481884345593525
BTN,SB,Nit,J2s,1.481884345593525
BTN,SB,Nit,T4s,1.481884345593525
BTN,SB,Nit,T3s,1.4949981267806152
BTN,SB,Nit,97o,1.4830053623724213
BTN,SB,Nit,87s,1.4818843455935247
BTN,SB,Nit,96o,1.4827726985126504
BTN,SB,Nit,T4o,1.4988053535768673
BTN,SB,Nit,T5s,1.481884345593525
BTN,SB,Nit,T6s,1.481884345593525
BTN,SB,Nit,85s,1.4818843455935247
BTN,SB,Nit,J3o,1.494828916700782
BTN,SB,Nit,76s,1.4734238416018537
BTN,SB,Nit,95s,1.4828996060725252
BTN,SB,Nit,T7o,1.481884345593525
BTN,SB,Nit,T2s,1.481884345593525
BTN,SB,Nit,T5o,1.481884345593525
BTN,SB,Nit,93s,1.4962248998594074
BTN,SB,Nit,95o,1.4832380262321923
BTN,SB,Nit,75s,1.4734238416018537
BTN,SB,Nit,Q2o,1.4818843455935247
BTN,SB,Nit,87o,1.4818843455935247
BTN,SB,Nit,86s,1.4818843455935247
BTN,SB,Nit,94s,1.483470690091963
BTN,SB,Nit,85o,1.4818843455935247
BTN,SB,Nit,92s,1.4831745724522547
BTN,SB,Nit,T3o,1.4949346730006778
BTN,SB,Nit,86o,1.4818843455935247
BTN,SB,Nit,T6o,1.481884345593525
BTN,SB,Nit,93o,1.4961191435595118
BTN,SB,Nit,J2o,1.490344849585196
BTN,SB,Nit,65s,1.486156900109319
BTN,SB,Nit,76o,1.4734238416018537
BTN,SB,Nit,74s,1.4734238416018537
BTN,SB,Nit,73s,1.4864107152290689
BTN,SB,Nit,83s,1.4818843455935247
BTN,SB,Nit,84o,1.490344849585196
BTN,SB,Nit,T2o,1.490344849585196
BTN,SB,Nit,84s,1.4818843455935247
BTN,SB,Nit,54s,1.4734238416018537
BTN,SB,Nit,53s,1.503522084552224
BTN,SB,Nit,75o,1.4734238416018537
BTN,SB,Nit,64s,1.4734238416018537
BTN,SB,Nit,92o,1.4818843455935247
BTN,SB,Nit,82s,1.4818843455935247
BTN,SB,Nit,74o,1.490344849585196
BTN,SB,Nit,64o,1.490344849585196
BTN,SB,Nit,43s,1.4865799253089023
BTN,SB,Nit,82o,1.490344849585196
BTN,SB,Nit,94o,1.5001167316955764
BTN,SB,Nit,65o,1.4869817992485068
BTN,SB,Nit,73o,1.4861145975893606
BTN,SB,Nit,72s,1.4734238416018537
BTN,SB,Nit,63s,1.486283807669194
BTN,SB,Nit,53o,1.5038393534519117
BTN,SB,Nit,32s,1.4867279841287566
BTN,SB,Nit,83o,1.4818843455935247
BTN,SB,Nit,62s,1.4734238416018537
BTN,SB,Nit,42s,1.4734238416018537
BTN,SB,Nit,52s,1.4734238416018537
BTN,SB,Nit,62o,1.4818843455935247
BTN,SB,Nit,72o,1.4818843455935247
BTN,SB,Nit,54o,1.490344849585196
BTN,SB,Nit,63o,1.4864530177490274
BTN,SB,Nit,32o,1.4950404293005735
BTN,SB,Nit,52o,1.4818843455935247
BTN,SB,Nit,42o,1.4818843455935247
BTN,SB,Nit,43o,1.4866856816087983
BTN,SB,TAG,AA,1.5661270996827312
BTN,SB,TAG,KK,1.5155144335691881
BTN,SB,TAG,QQ,1.4897476132550145
BTN,SB,TAG,JJ,1.5247446448175535
BTN,SB,TAG,TT,1.512792442225435
BTN,SB,TAG,99,1.5111960863997753
BTN,SB,TAG,88,1.5298611698997961
BTN,SB,TAG,AKs,1.5275689666629517
BTN,SB,TAG,77,1.491998884291201
BTN,SB,TAG,AKo,1.5111960863997753
BTN,SB,TAG,AJo,1.5111960863997753
BTN,SB,TAG,AQo,1.5111960863997753
BTN,SB,TAG,AQs,1.5111960863997753
BTN,SB,TAG,A9o,1.5475643466843554
BTN,SB,TAG,A7o,1.5111960863997753
BTN,SB,TAG,KJs,1.5275689666629517
BTN,SB,TAG,QJs,1.494823206136599
BTN,SB,TAG,A7s,1.5111960863997753
BTN,SB,TAG,A9s,1.5261158735395945
BTN,SB,TAG,KTo,1.5111960863997753
BTN,SB,TAG,A8o,1.5111960863997753
BTN,SB,TAG,AJs,1.5275689666629517
BTN,SB,TAG,ATs,1.5275689666629517
BTN,SB,TAG,K9s,1.5221249839754456
BTN,SB,TAG,55,1.478450325873423
BTN,SB,TAG,66,1.4972382059754175
BTN,SB,TAG,KQs,1.5111960863997753
BTN,SB,TAG,A8s,1.5275689666629517
BTN,SB,TAG,ATo,1.5111960863997753
BTN,SB,TAG,A5s,1.5357963389951976
BTN,SB,TAG,QTs,1.494823206136599
BTN,SB,TAG,K8s,1.5275689666629517
BTN,SB,TAG,KTs,1.5275689666629517
BTN,SB,TAG,A4s,1.5111960863997753
BTN,SB,TAG,KJo,1.5111960863997753
BTN,SB,TAG,K5s,1.5111960863997753
BTN,SB,TAG,A6s,1.5111960863997753
BTN,SB,TAG,K9o,1.5311300681201923
BTN,SB,TAG,A3s,1.5366149830083564
BTN,SB,TAG,44,1.5111960863997753
BTN,SB,TAG,KQo,1.5111960863997753
BTN,SB,TAG,K7s,1.5111960863997753
BTN,SB,TAG,Q8s,1.494823206136599
BTN,SB,TAG,A5o,1.5356326101925657
BTN,SB,TAG,Q5s,1.478450325873423
BTN,SB,TAG,A4o,1.5275689666629517
BTN,SB,TAG,Q9o,1.5181136283109673
BTN,SB,TAG,QTo,1.478450325873423
BTN,SB,TAG,Q9s,1.4938817655214667
BTN,SB,TAG,A6o,1.5111960863997753
BTN,SB,TAG,A2s,1.5111960863997753
BTN,SB,TAG,JTs,1.5275689666629517
BTN,SB,TAG,K4o,1.5275689666629517
BTN,SB,TAG,K6s,1.5111960863997753
BTN,SB,TAG,K8o,1.5275689666629517
BTN,SB,TAG,K7o,1.5111960863997753
BTN,SB,TAG,J9o,1.5275689666629517
BTN,SB,TAG,J8s,1.5111960863997753
BTN,SB,TAG,JTo,1.5275689666629517
BTN,SB,TAG,K4s,1.5111960863997753
BTN,SB,TAG,K2s,1.5111960863997753
BTN,SB,TAG,K6o,1.5111960863997753
BTN,SB,TAG,J9s,1.523189221192552
BTN,SB,TAG,K3s,1.5371471016169096
BTN,SB,TAG,A3o,1.5366559152090142
BTN,SB,TAG,Q6s,1.478450325873423
BTN,SB,TAG,QJo,1.478450325873423
BTN,SB,TAG,33,1.5352642203866445
BTN,SB,TAG,Q3s,1.5046060020938468
BTN,SB,TAG,J7s,1.494823206136599
BTN,SB,TAG,Q6o,1.478450325873423
BTN,SB,TAG,Q7s,1.478450325873423
BTN,SB,TAG,J5s,1.494823206136599
BTN,SB,TAG,J6s,1.494823206136599
BTN,SB,TAG,T9o,1.5275689666629517
BTN,SB,TAG,Q7o,1.478450325873423
BTN,SB,TAG,A2o,1.5275689666629517
BTN,SB,TAG,K5o,1.5111960863997753
BTN,SB,TAG,K3o,1.5373926948208572
BTN,SB,TAG,Q8o,1.494823206136599
BTN,SB,TAG,T7s,1.494823206136599
BTN,SB,TAG,J8o,1.5111960863997753
BTN,SB,TAG,97s,1.4892359607467902
BTN,SB,TAG,T8s,1.5111960863997753
BTN,SB,TAG,Q4s,1.478450325873423
BTN,SB,TAG,J4s,1.494823206136599
BTN,SB,TAG,J3s,1.5217975263701817
BTN,SB,TAG,96s,1.4904843928668576
BTN,SB,TAG,J7o,1.494823206136599
BTN,SB,TAG,Q5o,1.478450325873423
BTN,SB,TAG,J4o,1.5275689666629517
BTN,SB,TAG,98s,1.5070210019326655
BTN,SB,TAG,T9s,1.5026003242616077
BTN,SB,TAG,K2o,1.5275689666629517
BTN,SB,TAG,Q4o,1.5111960863997753
BTN,SB,TAG,22,1.5423045588998099
BTN,SB,TAG,98o,1.5078396459458243
BTN,SB,TAG,Q2s,1.478450325873423
BTN,SB,TAG,T8o,1.5111960863997753
BTN,SB,TAG,Q3o,1.5053837139063477
BTN,SB,TAG,J6o,1.494823206136599
BTN,SB,TAG,J5o,1.494823206136599
BTN,SB,TAG,J2s,1.494823206136599
BTN,SB,TAG,T4s,1.494823206136599
BTN,SB,TAG,T3s,1.5215519331662344
BTN,SB,TAG,97o,1.489420155649751
BTN,SB,TAG,87s,1.494823206136599
BTN,SB,TAG,96o,1.4888880370411979
BTN,SB,TAG,T4o,1.5275689666629517
BTN,SB,TAG,T5s,1.494823206136599
BTN,SB,TAG,T6s,1.494823206136599
BTN,SB,TAG,85s,1.494823206136599
BTN,SB,TAG,J3o,1.5219612551728137
BTN,SB,TAG,76s,1.478450325873423
BTN,SB,TAG,95s,1.4892564268471193
BTN,SB,TAG,T7o,1.494823206136599
BTN,SB,TAG,T2s,1.494823206136599
BTN,SB,TAG,T5o,1.494823206136599
BTN,SB,TAG,93s,1.5297997715988092
BTN,SB,TAG,95o,1.4898704098569884
BTN,SB,TAG,75s,1.478450325873423
BTN,SB,TAG,Q2o,1.494823206136599
BTN,SB,TAG,87o,1.494823206136599
BTN,SB,TAG,86s,1.494823206136599
BTN,SB,TAG,94s,1.4892359607467902
BTN,SB,TAG,85o,1.494823206136599
BTN,SB,TAG,92s,1.5039306207829908
BTN,SB,TAG,T3o,1.5215928653668922
BTN,SB,TAG,86o,1.494823206136599
BTN,SB,TAG,T6o,1.494823206136599
BTN,SB,TAG,93o,1.530638881712297
BTN,SB,TAG,J2o,1.5111960863997753
BTN,SB,TAG,65s,1.5053837139063477
BTN,SB,TAG,76o,1.478450325873423
BTN,SB,TAG,74s,1.478450325873423
BTN,SB,TAG,73s,1.5053837139063477
BTN,SB,TAG,83s,1.494823206136599
BTN,SB,TAG,84o,1.5111960863997753
BTN,SB,TAG,T2o,1.5111960863997753
BTN,SB,TAG,84s,1.494823206136599
BTN,SB,TAG,54s,1.478450325873423
BTN,SB,TAG,53s,1.5373926948208572
BTN,SB,TAG,75o,1.478450325873423
BTN,SB,TAG,64s,1.478450325873423
BTN,SB,TAG,92o,1.4981182482895632
BTN,SB,TAG,82s,1.494823206136599
BTN,SB,TAG,74o,1.5111960863997753
BTN,SB,TAG,64o,1.5111960863997753
BTN,SB,TAG,43s,1.5046060020938468
BTN,SB,TAG,82o,1.5111960863997753
BTN,SB,TAG,94o,1.5221863822764323
BTN,SB,TAG,65o,1.50534278170569
BTN,SB,TAG,73o,1.5050971885017421
BTN,SB,TAG,72s,1.478450325873423
BTN,SB,TAG,63s,1.5049334596991104
BTN,SB,TAG,53o,1.538252271034674
BTN,SB,TAG,32s,1.5054246461070058
BTN,SB,TAG,83o,1.494823206136599
BTN,SB,TAG,62s,1.478450325873423
BTN,SB,TAG,42s,1.478450325873423
BTN,SB,TAG,52s,1.478450325873423
BTN,SB,TAG,62o,1.494823206136599
BTN,SB,TAG,72o,1.494823206136599
BTN,SB,TAG,54o,1.5111960863997753
BTN,SB,TAG,63o,1.5049743918997684
BTN,SB,TAG,32o,1.5204876959491278
BTN,SB,TAG,52o,1.494823206136599
BTN,SB,TAG,42o,1.494823206136599
BTN,SB,TAG,43o,1.5049334596991104
BTN,SB,LAG,AA,1.864395120939248
BTN,SB,LAG,KK,1.7208572187135103
BTN,SB,LAG,QQ,1.637153439796317
BTN,SB,LAG,JJ,1.6999312739842118
BTN,SB,LAG,TT,1.6624949508446418
BTN,SB,LAG,99,1.6735658634995916
BTN,SB,LAG,88,1.7097223123437921
BTN,SB,LAG,AKs,1.673117907496212
BTN,SB,LAG,77,1.6480323713069616
BTN,SB,LAG,AKo,1.6667185360193624
BTN,SB,LAG,AJo,1.6399691632461308
BTN,SB,LAG,AQo,1.6445127169946938
BTN,SB,LAG,AQs,1.6450246667128419
BTN,SB,LAG,A9o,1.773012096249835
BTN,SB,LAG,A7o,1.6282583134434958
BTN,SB,LAG,KJs,1.673117907496212
BTN,SB,LAG,QJs,1.5707279638666176
BTN,SB,LAG,A7s,1.6284502945878014
BTN,SB,LAG,A9s,1.7564377241247942
BTN,SB,LAG,KTo,1.6219229356814147
BTN,SB,LAG,A8o,1.6219229356814147
BTN,SB,LAG,AJs,1.673117907496212
BTN,SB,LAG,ATs,1.673117907496212
BTN,SB,LAG,K9s,1.7424231005904935
BTN,SB,LAG,55,1.5195329920518204
BTN,SB,LAG,66,1.599909097801052
BTN,SB,LAG,KQs,1.6219229356814147
BTN,SB,LAG,A8s,1.673117907496212
BTN,SB,LAG,ATo,1.6219229356814147
BTN,SB,LAG,A5s,1.7112581614982358
BTN,SB,LAG,QTs,1.5707279638666176
BTN,SB,LAG,K8s,1.7184254575523077
BTN,SB,LAG,KTs,1.673117907496212
BTN,SB,LAG,A4s,1.6219229356814147
BTN,SB,LAG,KJo,1.6267864580038205
BTN,SB,LAG,K5s,1.6219229356814147
BTN,SB,LAG,A6s,1.6219229356814147
BTN,SB,LAG,K9o,1.7229050175861023
BTN,SB,LAG,A3s,1.7106182243505508
BTN,SB,LAG,44,1.6763175932346368
BTN,SB,LAG,KQo,1.6219229356814147
BTN,SB,LAG,K7s,1.6219229356814147
BTN,SB,LAG,Q8s,1.6183392876543792
BTN,SB,LAG,A5o,1.7129219980822168
BTN,SB,LAG,Q5s,1.5195329920518204
BTN,SB,LAG,A4o,1.673117907496212
BTN,SB,LAG,Q9o,1.6822050149933385
BTN,SB,LAG,QTo,1.5195329920518204
BTN,SB,LAG,Q9s,1.6464965221525176
BTN,SB,LAG,A6o,1.6219229356814147
BTN,SB,LAG,A2s,1.6219229356814147
BTN,SB,LAG,JTs,1.673117907496212
BTN,SB,LAG,K4o,1.673117907496212
BTN,SB,LAG,K6s,1.6219229356814147
BTN,SB,LAG,K8o,1.673117907496212
BTN,SB,LAG,K7o,1.6219229356814147
BTN,SB,LAG,J9o,1.673117907496212
BTN,SB,LAG,J8s,1.6677424354556585
BTN,SB,LAG,JTo,1.673117907496212
BTN,SB,LAG,K4s,1.6219229356814147
BTN,SB,LAG,K2s,1.6219229356814147
BTN,SB,LAG,K6o,1.6219229356814147
BTN,SB,LAG,J9s,1.6692782846101022
BTN,SB,LAG,K3s,1.7130499855117538
BTN,SB,LAG,A3o,1.7112581614982358
BTN,SB,LAG,Q6s,1.5195329920518204
BTN,SB,LAG,QJo,1.5195329920518204
BTN,SB,LAG,33,1.7106182243505508
BTN,SB,LAG,Q3s,1.6100201047344747
BTN,SB,LAG,J7s,1.5707279638666176
BTN,SB,LAG,Q6o,1.5195329920518204
BTN,SB,LAG,Q7s,1.5195329920518204
BTN,SB,LAG,J5s,1.5707279638666176
BTN,SB,LAG,J6s,1.5707279638666176
BTN,SB,LAG,T9o,1.673117907496212
BTN,SB,LAG,Q7o,1.5195329920518204
BTN,SB,LAG,A2o,1.673117907496212
BTN,SB,LAG,K5o,1.6219229356814147
BTN,SB,LAG,K3o,1.7129219980822168
BTN,SB,LAG,Q8o,1.5707279638666176
BTN,SB,LAG,T7s,1.5707279638666176
BTN,SB,LAG,J8o,1.6219229356814149
BTN,SB,LAG,97s,1.644128754706083
BTN,SB,LAG,T8s,1.6902682230541692
BTN,SB,LAG,Q4s,1.5195329920518204
BTN,SB,LAG,J4s,1.5707279638666176
BTN,SB,LAG,J3s,1.6615990388378827
BTN,SB,LAG,96s,1.6419529684039542
BTN,SB,LAG,J7o,1.5707279638666176
BTN,SB,LAG,Q5o,1.5195329920518204
BTN,SB,LAG,J4o,1.673117907496212
BTN,SB,LAG,98s,1.7477985726310472
BTN,SB,LAG,T9s,1.6406091003938157
BTN,SB,LAG,K2o,1.673117907496212
BTN,SB,LAG,Q4o,1.6219229356814147
BTN,SB,LAG,22,1.7382635091305414
BTN,SB,LAG,98o,1.697115550534398
BTN,SB,LAG,Q2s,1.5195329920518204
BTN,SB,LAG,T8o,1.6219229356814149
BTN,SB,LAG,Q3o,1.6107880293116965
BTN,SB,LAG,J6o,1.5707279638666176
BTN,SB,LAG,J5o,1.5707279638666176
BTN,SB,LAG,J2s,1.5707279638666176
BTN,SB,LAG,T4s,1.5707279638666176
BTN,SB,LAG,T3s,1.6614710514083457
BTN,SB,LAG,97o,1.6418249809744172
BTN,SB,LAG,87s,1.615395576775028
BTN,SB,LAG,96o,1.64425674213562
BTN,SB,LAG,T4o,1.673117907496212
BTN,SB,LAG,T5s,1.5707279638666176
BTN,SB,LAG,T6s,1.5707279638666176
BTN,SB,LAG,85s,1.6162914887817872
BTN,SB,LAG,J3o,1.659295265106217
BTN,SB,LAG,76s,1.5195329920518204
BTN,SB,LAG,95s,1.6436807987027036
BTN,SB,LAG,T7o,1.5707279638666176
BTN,SB,LAG,T2s,1.5707279638666176
BTN,SB,LAG,T5o,1.5707279638666176
BTN,SB,LAG,93s,1.7531100509568327
BTN,SB,LAG,95o,1.6413130312562692
BTN,SB,LAG,75s,1.5195329920518204
BTN,SB,LAG,Q2o,1.5707279638666176
BTN,SB,LAG,87o,1.6175713630771573
BTN,SB,LAG,86s,1.6157795390636391
BTN,SB,LAG,94s,1.6402251381052046
BTN,SB,LAG,85o,1.6161635013522504
BTN,SB,LAG,92s,1.6622389759855676
BTN,SB,LAG,T3o,1.661215076549272
BTN,SB,LAG,86o,1.6155235642045653
BTN,SB,LAG,T6o,1.5707279638666176
BTN,SB,LAG,93o,1.7552858372589615
BTN,SB,LAG,J2o,1.6219229356814149
BTN,SB,LAG,65s,1.6136037527615104
BTN,SB,LAG,76o,1.5195329920518204
BTN,SB,LAG,74s,1.5195329920518204
BTN,SB,LAG,73s,1.6110440041707703
BTN,SB,LAG,83s,1.6183392876543792
BTN,SB,LAG,84o,1.6847647635840783
BTN,SB,LAG,T2o,1.6219229356814149
BTN,SB,LAG,84s,1.6338257666283553
BTN,SB,LAG,54s,1.5195329920518204
BTN,SB,LAG,53s,1.7130499855117538
BTN,SB,LAG,75o,1.5195329920518204
BTN,SB,LAG,64s,1.5656084666851378
BTN,SB,LAG,92o,1.6213469922484984
BTN,SB,LAG,82s,1.6178273379362311
BTN,SB,LAG,74o,1.6219229356814147
BTN,SB,LAG,64o,1.6219229356814147
BTN,SB,LAG,43s,1.6132197904728993
BTN,SB,LAG,82o,1.6705581589054723
BTN,SB,LAG,94o,1.7411432262951239
BTN,SB,LAG,65o,1.6134757653319731
BTN,SB,LAG,73o,1.6102760795935485
BTN,SB,LAG,72s,1.5195329920518204
BTN,SB,LAG,63s,1.6127078407547515
BTN,SB,LAG,53o,1.7138179100889757
BTN,SB,LAG,32s,1.6142436899091954
BTN,SB,LAG,83o,1.6183392876543792
BTN,SB,LAG,62s,1.563944630101157
BTN,SB,LAG,42s,1.5650965169669897
BTN,SB,LAG,52s,1.5195329920518204
BTN,SB,LAG,62o,1.618211300224842
BTN,SB,LAG,72o,1.5707279638666176
BTN,SB,LAG,54o,1.6219229356814147
BTN,SB,LAG,63o,1.6112999790298446
BTN,SB,LAG,32o,1.6659506114421407
BTN,SB,LAG,52o,1.5707279638666176
BTN,SB,LAG,42o,1.6111719916003073
BTN,SB,LAG,43o,1.6124518658956772
BTN,SB,Loose-passive,AA,2.0549788779789617
BTN,SB,Loose-passive,KK,1.8740862221011512
BTN,SB,Loose-passive,QQ,1.7857309189779837
BTN,SB,Loose-passive,JJ,1.8545446447322578
BTN,SB,Loose-passive,TT,1.8089222851161646
BTN,SB,Loose-passive,99,1.8131803720136663
BTN,SB,Loose-passive,88,1.8699041724696766
BTN,SB,Loose-passive,AKs,1.8279316016228702
BTN,SB,Loose-passive,77,1.7996457386608924
BTN,SB,Loose-passive,AKo,1.8102909559046474
BTN,SB,Loose-passive,AJo,1.7724243974232898
BTN,SB,Loose-passive,AQo,1.7815488693465085
BTN,SB,Loose-passive,AQs,1.7797239749618647
BTN,SB,Loose-passive,A9o,1.9326349169418044
BTN,SB,Loose-passive,A7o,1.767101788801412
BTN,SB,Loose-passive,KJs,1.8279316016228702
BTN,SB,Loose-passive,QJs,1.7062719759799545
BTN,SB,Loose-passive,A7s,1.767101788801412
BTN,SB,Loose-passive,A9s,1.9086831781433553
BTN,SB,Loose-passive,KTo,1.767101788801412
BTN,SB,Loose-passive,A8o,1.767101788801412
BTN,SB,Loose-passive,AJs,1.8279316016228702
BTN,SB,Loose-passive,ATs,1.8279316016228702
BTN,SB,Loose-passive,K9s,1.8989504080919222
BTN,SB,Loose-passive,55,1.6454421631584963
BTN,SB,Loose-passive,66,1.7386638513073809
BTN,SB,Loose-passive,KQs,1.767101788801412
BTN,SB,Loose-passive,A8s,1.8279316016228702
BTN,SB,Loose-passive,ATo,1.767101788801412
BTN,SB,Loose-passive,A5s,1.8748465947614195
BTN,SB,Loose-passive,QTs,1.7062719759799545
BTN,SB,Loose-passive,K8s,1.8657981601042277
BTN,SB,Loose-passive,KTs,1.8279316016228702
BTN,SB,Loose-passive,A4s,1.767101788801412
BTN,SB,Loose-passive,KJo,1.767101788801412
BTN,SB,Loose-passive,K5s,1.767101788801412
BTN,SB,Loose-passive,A6s,1.767101788801412
BTN,SB,Loose-passive,K9o,1.8785724207967338
BTN,SB,Loose-passive,A3s,1.8743143338992316
BTN,SB,Loose-passive,44,1.826867079898495
BTN,SB,Loose-passive,KQo,1.767101788801412
BTN,SB,Loose-passive,K7s,1.767101788801412
BTN,SB,Loose-passive,Q8s,1.7435302363330976
BTN,SB,Loose-passive,A5o,1.876291302815929
BTN,SB,Loose-passive,Q5s,1.6454421631584963
BTN,SB,Loose-passive,A4o,1.8279316016228702
BTN,SB,Loose-passive,Q9o,1.838272669802518
BTN,SB,Loose-passive,QTo,1.6454421631584963
BTN,SB,Loose-passive,Q9s,1.7912816393979416
BTN,SB,Loose-passive,A6o,1.767101788801412
BTN,SB,Loose-passive,A2s,1.767101788801412
BTN,SB,Loose-passive,JTs,1.8279316016228702
BTN,SB,Loose-passive,K4o,1.8279316016228702
BTN,SB,Loose-passive,K6s,1.767101788801412
BTN,SB,Loose-passive,K8o,1.8279316016228702
BTN,SB,Loose-passive,K7o,1.767101788801412
BTN,SB,Loose-passive,J9o,1.8279316016228702
BTN,SB,Loose-passive,J8s,1.8034476019622332
BTN,SB,Loose-passive,JTo,1.8279316016228702
BTN,SB,Loose-passive,K4s,1.767101788801412
BTN,SB,Loose-passive,K2s,1.767101788801412
BTN,SB,Loose-passive,K6o,1.767101788801412
BTN,SB,Loose-passive,J9s,1.8229131420650997
BTN,SB,Loose-passive,K3s,1.8738581103030707
BTN,SB,Loose-passive,A3o,1.8749226320274461
BTN,SB,Loose-passive,Q6s,1.6454421631584963
BTN,SB,Loose-passive,QJo,1.6454421631584963
BTN,SB,Loose-passive,33,1.8737060357710174
BTN,SB,Loose-passive,Q3s,1.7529588573204231
BTN,SB,Loose-passive,J7s,1.7062719759799545
BTN,SB,Loose-passive,Q6o,1.6454421631584963
BTN,SB,Loose-passive,Q7s,1.6454421631584963
BTN,SB,Loose-passive,J5s,1.7062719759799545
BTN,SB,Loose-passive,J6s,1.7062719759799545
BTN,SB,Loose-passive,T9o,1.8279316016228702
BTN,SB,Loose-passive,Q7o,1.6454421631584963
BTN,SB,Loose-passive,A2o,1.8279316016228702
BTN,SB,Loose-passive,K5o,1.767101788801412
BTN,SB,Loose-passive,K3o,1.8743143338992316
BTN,SB,Loose-passive,Q8o,1.7062719759799545
BTN,SB,Loose-passive,T7s,1.7062719759799545
BTN,SB,Loose-passive,J8o,1.767101788801412
BTN,SB,Loose-passive,97s,1.7772147451829798
BTN,SB,Loose-passive,T8s,1.8373602226101962
BTN,SB,Loose-passive,Q4s,1.6454421631584963
BTN,SB,Loose-passive,J4s,1.7062719759799545
BTN,SB,Loose-passive,J3s,1.812267924821345
BTN,SB,Loose-passive,96s,1.7788875650355696
BTN,SB,Loose-passive,J7o,1.7062719759799545
BTN,SB,Loose-passive,Q5o,1.6454421631584963
BTN,SB,Loose-passive,J4o,1.8279316016228702
BTN,SB,Loose-passive,98s,1.8838950294186116
BTN,SB,Loose-passive,T9s,1.7903691922056197
BTN,SB,Loose-passive,K2o,1.8279316016228702
BTN,SB,Loose-passive,Q4o,1.7671017888014127
BTN,SB,Loose-passive,22,1.904120942181746
BTN,SB,Loose-passive,98o,1.8414662349756448
BTN,SB,Loose-passive,Q2s,1.6454421631584963
BTN,SB,Loose-passive,T8o,1.767101788801412
BTN,SB,Loose-passive,Q3o,1.7499173666793502
BTN,SB,Loose-passive,J6o,1.7062719759799545
BTN,SB,Loose-passive,J5o,1.7062719759799545
BTN,SB,Loose-passive,J2s,1.7062719759799545
BTN,SB,Loose-passive,T4s,1.7062719759799545
BTN,SB,Loose-passive,T3s,1.8136365956098277
BTN,SB,Loose-passive,97o,1.7769866333848992
BTN,SB,Loose-passive,87s,1.7480924722947069
BTN,SB,Loose-passive,96o,1.773488919147665
BTN,SB,Loose-passive,T4o,1.8279316016228702
BTN,SB,Loose-passive,T5s,1.7062719759799545
BTN,SB,Loose-passive,T6s,1.7062719759799545
BTN,SB,Loose-passive,85s,1.7455072052497946
BTN,SB,Loose-passive,J3o,1.8116596266931302
BTN,SB,Loose-passive,76s,1.6454421631584963
BTN,SB,Loose-passive,95s,1.777747006045167
BTN,SB,Loose-passive,T7o,1.7062719759799545
BTN,SB,Loose-passive,T2s,1.7062719759799545
BTN,SB,Loose-passive,T5o,1.7062719759799545
BTN,SB,Loose-passive,93s,1.9102799607299188
BTN,SB,Loose-passive,95o,1.7753898507983361
BTN,SB,Loose-passive,75s,1.6454421631584963
BTN,SB,Loose-passive,Q2o,1.7062719759799545
BTN,SB,Loose-passive,87o,1.749156994019082
BTN,SB,Loose-passive,86s,1.7461155033780091
BTN,SB,Loose-passive,94s,1.7802562358240526
BTN,SB,Loose-passive,85o,1.7447468325895266
BTN,SB,Loose-passive,92s,1.8014706330455355
BTN,SB,Loose-passive,T3o,1.8116596266931302
BTN,SB,Loose-passive,86o,1.7445947580574728
BTN,SB,Loose-passive,T6o,1.7062719759799545
BTN,SB,Loose-passive,93o,1.9087592154093824
BTN,SB,Loose-passive,J2o,1.767101788801412
BTN,SB,Loose-passive,65s,1.7594980621987297
BTN,SB,Loose-passive,76o,1.6454421631584963
BTN,SB,Loose-passive,74s,1.6454421631584963
BTN,SB,Loose-passive,73s,1.7555441243653351
BTN,SB,Loose-passive,83s,1.7462675779100632
BTN,SB,Loose-passive,84o,1.840553787783323
BTN,SB,Loose-passive,T2o,1.767101788801412
BTN,SB,Loose-passive,84s,1.7769866333848992
BTN,SB,Loose-passive,54s,1.6454421631584963
BTN,SB,Loose-passive,53s,1.8759871537518216
BTN,SB,Loose-passive,75o,1.6454421631584963
BTN,SB,Loose-passive,64s,1.6921290444989652
BTN,SB,Loose-passive,92o,1.7553920498332818
BTN,SB,Loose-passive,82s,1.7458113543139018
BTN,SB,Loose-passive,74o,1.7671017888014127
BTN,SB,Loose-passive,64o,1.7671017888014127
BTN,SB,Loose-passive,43s,1.7561524224935496
BTN,SB,Loose-passive,82o,1.8092264341802717
BTN,SB,Loose-passive,94o,1.897885886367547
BTN,SB,Loose-passive,65o,1.7561524224935496
BTN,SB,Loose-passive,73o,1.754783751705067
BTN,SB,Loose-passive,72s,1.6454421631584963
BTN,SB,Loose-passive,63s,1.7535671554486376
BTN,SB,Loose-passive,53o,1.8752267810915535
BTN,SB,Loose-passive,32s,1.7578252423461398
BTN,SB,Loose-passive,83o,1.747027950570331
BTN,SB,Loose-passive,62s,1.6934977152874484
BTN,SB,Loose-passive,42s,1.6903041501143214
BTN,SB,Loose-passive,52s,1.6454421631584963
BTN,SB,Loose-passive,62o,1.7581293914102474
BTN,SB,Loose-passive,72o,1.7062719759799545
BTN,SB,Loose-passive,54o,1.7671017888014127
BTN,SB,Loose-passive,63o,1.7566086460897106
BTN,SB,Loose-passive,32o,1.8178946825073297
BTN,SB,Loose-passive,52o,1.7062719759799545
BTN,SB,Loose-passive,42o,1.753567155448638
BTN,SB,Loose-passive,43o,1.757216944217925
BTN,SB,Station,AA,2.75395471520401
BTN,SB,Station,KK,2.4292742919603705
BTN,SB,Station,QQ,2.243469602399753
BTN,SB,Station,JJ,2.3808588985662897
BTN,SB,Station,TT,2.3417868267044004
BTN,SB,Station,99,2.233701584434281
BTN,SB,Station,88,2.3475202285536994
BTN,SB,Station,AKs,2.2273311379350598
BTN,SB,Station,77,2.198876476905205
BTN,SB,Station,AKo,2.2177754681862276
BTN,SB,Station,AJo,2.136870797646119
BTN,SB,Station,AQo,2.208856843087318
BTN,SB,Station,AQs,2.2065210127042705
BTN,SB,Station,A9o,2.466222881655854
BTN,SB,Station,A7o,2.1903825482395765
BTN,SB,Station,KJs,2.2583339775646025
BTN,SB,Station,QJs,1.8990407950085284
BTN,SB,Station,A7s,2.186560280340044
BTN,SB,Station,A9s,2.5666635881269073
BTN,SB,Station,KTo,2.057452564622495
BTN,SB,Station,A8o,2.141967154845496
BTN,SB,Station,AJs,2.309297549558372
BTN,SB,Station,ATs,2.2273311379350598
BTN,SB,Station,K9s,2.390626916531762
BTN,SB,Station,55,1.7176954179973658
BTN,SB,Station,66,2.0256003321263893
BTN,SB,Station,KQs,2.057452564622495
BTN,SB,Station,A8s,2.2273311379350598
BTN,SB,Station,ATo,2.057452564622495
BTN,SB,Station,A5s,2.360898166202064
BTN,SB,Station,QTs,1.8875739913099305
BTN,SB,Station,K8s,2.4545437297406147
BTN,SB,Station,KTs,2.2273311379350598
BTN,SB,Station,A4s,2.057452564622495
BTN,SB,Station,KJo,2.0876060113854753
BTN,SB,Station,K5s,2.057452564622495
BTN,SB,Station,A6s,2.057452564622495
BTN,SB,Station,K9o,2.295282567260086
BTN,SB,Station,A3s,2.342423871354322
BTN,SB,Station,44,2.3386016034547894
BTN,SB,Station,KQo,2.057452564622495
BTN,SB,Station,K7s,2.057452564622495
BTN,SB,Station,Q8s,2.109477877699468
BTN,SB,Station,A5o,2.3566512018692496
BTN,SB,Station,Q5s,1.7176954179973658
BTN,SB,Station,A4o,2.2273311379350598
BTN,SB,Station,Q9o,2.2368868076838915
BTN,SB,Station,QTo,1.7176954179973658
BTN,SB,Station,Q9s,2.1619278872097225
BTN,SB,Station,A6o,2.057452564622495
BTN,SB,Station,A2s,2.057452564622495
BTN,SB,Station,JTs,2.2084321466540366
BTN,SB,Station,K4o,2.2273311379350598
BTN,SB,Station,K6s,2.057452564622495
BTN,SB,Station,K8o,2.3003789244594626
BTN,SB,Station,K7o,2.057452564622495
BTN,SB,Station,J9o,2.2273311379350598
BTN,SB,Station,J8s,2.2838157635614875
BTN,SB,Station,JTo,2.2001505662050493
BTN,SB,Station,K4s,2.057452564622495
BTN,SB,Station,K2s,2.057452564622495
BTN,SB,Station,K6o,2.057452564622495
BTN,SB,Station,J9s,2.2179878164028684
BTN,SB,Station,K3s,2.318640871090563
BTN,SB,Station,A3o,2.3456090946039327
BTN,SB,Station,Q6s,1.7176954179973658
BTN,SB,Station,QJo,1.7202435965970542
BTN,SB,Station,33,2.3585623358190158
BTN,SB,Station,Q3s,1.9886517424309063
BTN,SB,Station,J7s,1.8875739913099305
BTN,SB,Station,Q6o,1.7176954179973658
BTN,SB,Station,Q7s,1.7176954179973658
BTN,SB,Station,J5s,1.8875739913099305
BTN,SB,Station,J6s,1.8875739913099305
BTN,SB,Station,T9o,2.2273311379350598
BTN,SB,Station,Q7o,1.7176954179973658
BTN,SB,Station,A2o,2.2273311379350598
BTN,SB,Station,K5o,2.057452564622495
BTN,SB,Station,K3o,2.325860710456347
BTN,SB,Station,Q8o,1.9517031527354236
BTN,SB,Station,T7s,1.8875739913099305
BTN,SB,Station,J8o,2.1149989313321265
BTN,SB,Station,97s,2.0398276626413163
BTN,SB,Station,T8s,2.3594117286855787
BTN,SB,Station,Q4s,1.7176954179973658
BTN,SB,Station,J4s,1.8875739913099305
BTN,SB,Station,J3s,2.1491869942112802
BTN,SB,Station,96s,2.041526448374442
BTN,SB,Station,J7o,1.8875739913099305
BTN,SB,Station,Q5o,1.7176954179973658
BTN,SB,Station,J4o,2.2273311379350598
BTN,SB,Station,98s,2.446474497508268
BTN,SB,Station,T9s,2.136870797646119
BTN,SB,Station,K2o,2.2273311379350598
BTN,SB,Station,Q4o,2.057452564622495
BTN,SB,Station,22,2.5059319981676658
BTN,SB,Station,98o,2.27256130807953
BTN,SB,Station,Q2s,1.7176954179973658
BTN,SB,Station,T8o,2.1020456901170435
BTN,SB,Station,Q3o,1.97463676013262
BTN,SB,Station,J6o,1.8875739913099305
BTN,SB,Station,J5o,1.8875739913099305
BTN,SB,Station,J2s,1.8875739913099305
BTN,SB,Station,T4s,1.8875739913099305
BTN,SB,Station,T3s,2.147912904911436
BTN,SB,Station,97o,2.0455610644906153
BTN,SB,Station,87s,2.120307636748144
BTN,SB,Station,96o,2.042588189457646
BTN,SB,Station,T4o,2.2273311379350598
BTN,SB,Station,T5s,1.8875739913099305
BTN,SB,Station,T6s,1.8875739913099305
BTN,SB,Station,85s,2.1075667437497017
BTN,SB,Station,J3o,2.1547080478439384
BTN,SB,Station,76s,1.7176954179973658
BTN,SB,Station,95s,2.041526448374442
BTN,SB,Station,T7o,1.8875739913099305
BTN,SB,Station,T2s,1.8875739913099305
BTN,SB,Station,T5o,1.8875739913099305
BTN,SB,Station,93s,2.3577129429524533
BTN,SB,Station,95o,2.039402966208035
BTN,SB,Station,75s,1.7176954179973658
BTN,SB,Station,Q2o,1.8875739913099305
BTN,SB,Station,87o,2.1198829403148625
BTN,SB,Station,86s,2.1096902259161086
BTN,SB,Station,94s,2.041738796591083
BTN,SB,Station,85o,2.1088408330495456
BTN,SB,Station,92s,2.0982234222175102
BTN,SB,Station,T3o,2.1415424584122147
BTN,SB,Station,86o,2.1232805117811138
BTN,SB,Station,T6o,1.8875739913099305
BTN,SB,Station,93o,2.3509178000199507
BTN,SB,Station,J2o,2.057452564622495
BTN,SB,Station,65s,2.0311213857590475
BTN,SB,Station,76o,1.7176954179973658
BTN,SB,Station,74s,1.7176954179973658
BTN,SB,Station,73s,1.9682663136333989
BTN,SB,Station,83s,2.101620993683762
BTN,SB,Station,84o,2.3466708356871364
BTN,SB,Station,T2o,2.057452564622495
BTN,SB,Station,84s,2.1861355839067627
BTN,SB,Station,54s,1.7176954179973658
BTN,SB,Station,53s,2.3207643532569704
BTN,SB,Station,75o,1.7176954179973658
BTN,SB,Station,64s,1.8659144732125783
BTN,SB,Station,92o,1.9633823046506622
BTN,SB,Station,82s,2.117759458148455
BTN,SB,Station,74o,2.057452564622495
BTN,SB,Station,64o,2.057452564622495
BTN,SB,Station,43s,2.035368350091862
BTN,SB,Station,82o,2.2842404599947685
BTN,SB,Station,94o,2.361959907285267
BTN,SB,Station,65o,2.032820171492173
BTN,SB,Station,73o,1.97463676013262
BTN,SB,Station,72s,1.7176954179973658
BTN,SB,Station,63s,1.9763355458657454
BTN,SB,Station,53o,2.318640871090563
BTN,SB,Station,32s,2.032395475058892
BTN,SB,Station,83o,2.1215817260479883
BTN,SB,Station,62s,1.8497760087478847
BTN,SB,Station,42s,1.8527488837808546
BTN,SB,Station,52s,1.7176954179973658
BTN,SB,Station,62o,2.0311213857590475
BTN,SB,Station,72o,1.8875739913099305
BTN,SB,Station,54o,2.057452564622495
BTN,SB,Station,63o,1.9784590280321526
BTN,SB,Station,32o,2.200575262638331
BTN,SB,Station,52o,1.8875739913099305
BTN,SB,Station,42o,2.020503974927012
BTN,SB,Station,43o,2.0362177429584247
BTN,SB,Maniac,AA,2.312314878546586
BTN,SB,Maniac,KK,2.077945030633517
BTN,SB,Maniac,QQ,1.9776652368978456
BTN,SB,Maniac,JJ,2.08571419686268
BTN,SB,Maniac,TT,2.045141884332609
BTN,SB,Maniac,99,1.9619830309908324
BTN,SB,Maniac,88,2.0693126237122255
BTN,SB,Maniac,AKs,2.0048573186999143
BTN,SB,Maniac,77,1.9677379689383603
BTN,SB,Maniac,AKo,1.9979513931628807
BTN,SB,Maniac,AJo,1.926877909510913
BTN,SB,Maniac,AQo,1.9871608845112663
BTN,SB,Maniac,AQs,1.9885996189981485
BTN,SB,Maniac,A9o,2.1537663380921956
BTN,SB,Maniac,A7o,1.9855782765756962
BTN,SB,Maniac,KJs,2.0150723335567764
BTN,SB,Maniac,QJs,1.7746598007988033
BTN,SB,Maniac,A7s,1.980111085525545
BTN,SB,Maniac,A9s,2.1962090054552132
BTN,SB,Maniac,KTo,1.8897585597493587
BTN,SB,Maniac,A8o,1.912058944296029
BTN,SB,Maniac,AJs,2.0401063136285225
BTN,SB,Maniac,ATs,2.0048573186999143
BTN,SB,Maniac,K9s,2.0996699213854346
BTN,SB,Maniac,55,1.6595610418482478
BTN,SB,Maniac,66,1.867602048651377
BTN,SB,Maniac,KQs,1.8897585597493587
BTN,SB,Maniac,A8s,2.0048573186999143
BTN,SB,Maniac,ATo,1.8897585597493587
BTN,SB,Maniac,A5s,2.080966373055969
BTN,SB,Maniac,QTs,1.7746598007988033
BTN,SB,Maniac,K8s,2.160240643283164
BTN,SB,Maniac,KTs,2.0048573186999143
BTN,SB,Maniac,A4s,1.8897585597493587
BTN,SB,Maniac,KJo,1.8983909666706504
BTN,SB,Maniac,K5s,1.8897585597493587
BTN,SB,Maniac,A6s,1.8897585597493587
BTN,SB,Maniac,K9o,2.0457173781273617
BTN,SB,Maniac,A3s,2.0583782416119227
BTN,SB,Maniac,44,2.077945030633517
BTN,SB,Maniac,KQo,1.8897585597493587
BTN,SB,Maniac,K7s,1.8897585597493587
BTN,SB,Maniac,Q8s,1.9195403636278154
BTN,SB,Maniac,A5o,2.0818296137480985
BTN,SB,Maniac,Q5s,1.6595610418482478
BTN,SB,Maniac,A4o,2.0048573186999143
BTN,SB,Maniac,Q9o,1.9996778745471395
BTN,SB,Maniac,QTo,1.6595610418482478
BTN,SB,Maniac,Q9s,1.9130660584368464
BTN,SB,Maniac,A6o,1.8897585597493587
BTN,SB,Maniac,A2s,1.8897585597493587
BTN,SB,Maniac,JTs,1.9894628596902777
BTN,SB,Maniac,K4o,2.0048573186999143
BTN,SB,Maniac,K6s,1.8897585597493587
BTN,SB,Maniac,K8o,2.012914231826453
BTN,SB,Maniac,K7o,1.8897585597493587
BTN,SB,Maniac,J9o,2.0048573186999143
BTN,SB,Maniac,J8s,2.0380920853468876
BTN,SB,Maniac,JTo,1.989894480036342
BTN,SB,Maniac,K4s,1.8897585597493587
BTN,SB,Maniac,K2s,1.8897585597493587
BTN,SB,Maniac,K6o,1.8897585597493587
BTN,SB,Maniac,J9s,1.9955055445351817
BTN,SB,Maniac,K3s,2.0388114525903283
BTN,SB,Maniac,A3o,2.063701559213386
BTN,SB,Maniac,Q6s,1.6595610418482478
BTN,SB,Maniac,QJo,1.6595610418482478
BTN,SB,Maniac,33,2.0891671596311965
BTN,SB,Maniac,Q3s,1.8061680860615181
BTN,SB,Maniac,J7s,1.7746598007988033
BTN,SB,Maniac,Q6o,1.6595610418482478
BTN,SB,Maniac,Q7s,1.6595610418482478
BTN,SB,Maniac,J5s,1.7746598007988033
BTN,SB,Maniac,J6s,1.7746598007988033
BTN,SB,Maniac,T9o,2.0048573186999143
BTN,SB,Maniac,Q7o,1.6595610418482478
BTN,SB,Maniac,A2o,2.0048573186999143
BTN,SB,Maniac,K5o,1.8897585597493587
BTN,SB,Maniac,K3o,2.0460051250247377
BTN,SB,Maniac,Q8o,1.7789760042594491
BTN,SB,Maniac,T7s,1.7746598007988033
BTN,SB,Maniac,J8o,1.891485041133617
BTN,SB,Maniac,97s,1.852063716193052
BTN,SB,Maniac,T8s,2.0903181472207017
BTN,SB,Maniac,Q4s,1.6595610418482478
BTN,SB,Maniac,J4s,1.7746598007988033
BTN,SB,Maniac,J3s,1.9237126936397726
BTN,SB,Maniac,96s,1.8478913861810946
BTN,SB,Maniac,J7o,1.7746598007988033
BTN,SB,Maniac,Q5o,1.6595610418482478
BTN,SB,Maniac,J4o,2.0048573186999143
BTN,SB,Maniac,98s,2.1150643803950717
BTN,SB,Maniac,T9s,1.9288921377925476
BTN,SB,Maniac,K2o,2.0048573186999143
BTN,SB,Maniac,Q4o,1.8897585597493591
BTN,SB,Maniac,22,2.1832603950732756
BTN,SB,Maniac,98o,1.960832043401327
BTN,SB,Maniac,Q2s,1.6595610418482478
BTN,SB,Maniac,T8o,1.8897585597493587
BTN,SB,Maniac,Q3o,1.8048732250233244
BTN,SB,Maniac,J6o,1.7746598007988033
BTN,SB,Maniac,J5o,1.7746598007988033
BTN,SB,Maniac,J2s,1.7746598007988033
BTN,SB,Maniac,T4s,1.7746598007988033
BTN,SB,Maniac,T3s,1.9291798846899242
BTN,SB,Maniac,97o,1.8500494879114173
BTN,SB,Maniac,87s,1.9176700087948688
BTN,SB,Maniac,96o,1.8503372348087936
BTN,SB,Maniac,T4o,2.0048573186999143
BTN,SB,Maniac,T5s,1.7746598007988033
BTN,SB,Maniac,T6s,1.7746598007988033
BTN,SB,Maniac,85s,1.9145047929237282
BTN,SB,Maniac,J3o,1.9205474777686327
BTN,SB,Maniac,76s,1.6595610418482478
BTN,SB,Maniac,95s,1.8540779444746864
BTN,SB,Maniac,T7o,1.7746598007988033
BTN,SB,Maniac,T2s,1.7746598007988033
BTN,SB,Maniac,T5o,1.7746598007988033
BTN,SB,Maniac,93s,2.05780274781717
BTN,SB,Maniac,95o,1.8530708303338692
BTN,SB,Maniac,75s,1.6595610418482478
BTN,SB,Maniac,Q2o,1.7746598007988033
BTN,SB,Maniac,87o,1.922273959152891
BTN,SB,Maniac,86s,1.9219862122555142
BTN,SB,Maniac,94s,1.8558044258589448
BTN,SB,Maniac,85o,1.928316643997795
BTN,SB,Maniac,92s,1.910620209809147
BTN,SB,Maniac,T3o,1.9257269219214075
BTN,SB,Maniac,86o,1.917094515000116
BTN,SB,Maniac,T6o,1.7746598007988033
BTN,SB,Maniac,93o,2.056507886778976
BTN,SB,Maniac,J2o,1.8897585597493591
BTN,SB,Maniac,65s,1.869040783138259
BTN,SB,Maniac,76o,1.6595610418482478
BTN,SB,Maniac,74s,1.6595610418482478
BTN,SB,Maniac,73s,1.80918942848397
BTN,SB,Maniac,83s,1.9211229715633855
BTN,SB,Maniac,84o,2.0836999685810453
BTN,SB,Maniac,T2o,1.8897585597493591
BTN,SB,Maniac,84s,1.965435993759349
BTN,SB,Maniac,54s,1.6595610418482478
BTN,SB,Maniac,53s,2.05060907538276
BTN,SB,Maniac,75o,1.6595610418482478
BTN,SB,Maniac,64s,1.7473238455480464
BTN,SB,Maniac,92o,1.8124985178037987
BTN,SB,Maniac,82s,1.9145047929237282
BTN,SB,Maniac,74o,1.8897585597493591
BTN,SB,Maniac,64o,1.8897585597493591
BTN,SB,Maniac,43s,1.8773854431621742
BTN,SB,Maniac,82o,2.0339197553349297
BTN,SB,Maniac,94o,2.081397993402034
BTN,SB,Maniac,65o,1.8727814928041522
BTN,SB,Maniac,73o,1.8146566195341214
BTN,SB,Maniac,72s,1.6595610418482478
BTN,SB,Maniac,63s,1.8100526691760992
BTN,SB,Maniac,53o,2.0555007726381587
BTN,SB,Maniac,32s,1.8719182521120228
BTN,SB,Maniac,83o,1.9176700087948688
BTN,SB,Maniac,62s,1.7481870862401756
BTN,SB,Maniac,42s,1.7415689076005185
BTN,SB,Maniac,52s,1.6595610418482478
BTN,SB,Maniac,62o,1.8699040238303881
BTN,SB,Maniac,72o,1.7746598007988033
BTN,SB,Maniac,54o,1.8897585597493591
BTN,SB,Maniac,63o,1.8054487188180772
BTN,SB,Maniac,32o,1.981549820012427
BTN,SB,Maniac,52o,1.7746598007988033
BTN,SB,Maniac,42o,1.8529269568851812
BTN,SB,Maniac,43o,1.8776731900595507
